keyword_id,keyword,parent_region,country,city,amenity_facet,search_intent,funnel_stage,est_monthly_volume,est_keyword_difficulty,serp_strength,business_value,freshness_sensitivity,content_type,page_type,programmatic_suitability,featured_snippet_opportunity,ai_overview_potential,comparison_intent,affiliate_intent,local_intent,priority_score
S2-0001,best coliving in Madeira verified high speed fiber wifi,Europe,Portugal,Madeira,verified high speed fiber wifi,Commercial Investigation,MOFU,163,13,Weak (Generic Booking / Stale Blogs),Very High (Booking Commission 10-15%),High (2026 Rates),Programmatic Directory Listing,Comparative City Hub Directory,Extremely High (100%),High,High,High,High,High (City specific),87.5
S2-0002,Madeira workation spaces with verified high speed fiber wifi,Europe,Portugal,Madeira,verified high speed fiber wifi,Informational / Navigational,TOFU,176,18,Weak (Generic Booking / Stale Blogs),Very High (Booking Commission 10-15%),High (2026 Rates),Programmatic Directory Listing,Structured Property Profile,Extremely High (100%),High,High,High,Medium,High (City specific),82.2
S2-0003,Madeira Portugal remote work verified high speed fiber wifi,Europe,Portugal,Madeira,verified high speed fiber wifi,Informational / Navigational,TOFU,189,23,Weak (Generic Booking / Stale Blogs),Very High (Booking Commission 10-15%),High (2026 Rates),Programmatic Directory Listing,Structured Property Profile,Extremely High (100%),High,High,High,Medium,High (City specific),76.8
S2-0004,best coliving in Madeira ergonomic chairs standing desks,Europe,Portugal,Madeira,ergonomic chairs standing desks,Commercial Investigation,MOFU,202,28,Weak (Generic Booking / Stale Blogs),Very High (Booking Commission 10-15%),High (2026 Rates),Programmatic Directory Listing,Comparative City Hub Directory,Extremely High (100%),High,High,High,High,High (City specific),71.4
S2-0005,Madeira workation spaces with ergonomic chairs standing desks,Europe,Portugal,Madeira,ergonomic chairs standing desks,Informational / Navigational,TOFU,215,33,Weak (Generic Booking / Stale Blogs),Very High (Booking Commission 10-15%),High (2026 Rates),Programmatic Directory Listing,Structured Property Profile,Extremely High (100%),High,High,High,Medium,High (City specific),66.1
S2-0006,Madeira Portugal remote work ergonomic chairs standing desks,Europe,Portugal,Madeira,ergonomic chairs standing desks,Informational / Navigational,TOFU,228,10,Weak (Generic Booking / Stale Blogs),Very High (Booking Commission 10-15%),High (2026 Rates),Programmatic Directory Listing,Structured Property Profile,Extremely High (100%),High,High,High,Medium,High (City specific),91.5
S2-0007,best coliving in Madeira private soundproof phone call booths,Europe,Portugal,Madeira,private soundproof phone call booths,Commercial Investigation,MOFU,241,15,Weak (Generic Booking / Stale Blogs),Very High (Booking Commission 10-15%),High (2026 Rates),Programmatic Directory Listing,Comparative City Hub Directory,Extremely High (100%),High,High,High,High,High (City specific),86.2
S2-0008,Madeira workation spaces with private soundproof phone call booths,Europe,Portugal,Madeira,private soundproof phone call booths,Informational / Navigational,TOFU,254,20,Weak (Generic Booking / Stale Blogs),Very High (Booking Commission 10-15%),High (2026 Rates),Programmatic Directory Listing,Structured Property Profile,Extremely High (100%),High,High,High,Medium,High (City specific),80.8
S2-0009,Madeira Portugal remote work private soundproof phone call booths,Europe,Portugal,Madeira,private soundproof phone call booths,Informational / Navigational,TOFU,267,25,Weak (Generic Booking / Stale Blogs),Very High (Booking Commission 10-15%),High (2026 Rates),Programmatic Directory Listing,Structured Property Profile,Extremely High (100%),High,High,High,Medium,High (City specific),75.5
S2-0010,best coliving in Madeira backup generator battery power ups,Europe,Portugal,Madeira,backup generator battery power ups,Commercial Investigation,MOFU,280,30,Weak (Generic Booking / Stale Blogs),Very High (Booking Commission 10-15%),High (2026 Rates),Programmatic Directory Listing,Comparative City Hub Directory,Extremely High (100%),High,High,High,High,High (City specific),70.1
S2-0011,Madeira workation spaces with backup generator battery power ups,Europe,Portugal,Madeira,backup generator battery power ups,Informational / Navigational,TOFU,293,35,Weak (Generic Booking / Stale Blogs),Very High (Booking Commission 10-15%),High (2026 Rates),Programmatic Directory Listing,Structured Property Profile,Extremely High (100%),High,High,High,Medium,High (City specific),64.8
S2-0012,Madeira Portugal remote work backup generator battery power ups,Europe,Portugal,Madeira,backup generator battery power ups,Informational / Navigational,TOFU,306,12,Weak (Generic Booking / Stale Blogs),Very High (Booking Commission 10-15%),High (2026 Rates),Programmatic Directory Listing,Structured Property Profile,Extremely High (100%),High,High,High,Medium,High (City specific),90.2
S2-0013,best coliving in Madeira monthly private room rates cost,Europe,Portugal,Madeira,monthly private room rates cost,Transactional / Commercial,BOFU,319,17,Weak (Generic Booking / Stale Blogs),Very High (Booking Commission 10-15%),High (2026 Rates),Programmatic Directory Listing,Property Pricing & Booking Directory,Extremely High (100%),High,High,High,Very High,High (City specific),84.8
S2-0014,Madeira workation spaces with monthly private room rates cost,Europe,Portugal,Madeira,monthly private room rates cost,Transactional / Commercial,BOFU,332,22,Weak (Generic Booking / Stale Blogs),Very High (Booking Commission 10-15%),High (2026 Rates),Programmatic Directory Listing,Property Pricing & Booking Directory,Extremely High (100%),High,High,High,Very High,High (City specific),79.5
S2-0015,Madeira Portugal remote work monthly private room rates cost,Europe,Portugal,Madeira,monthly private room rates cost,Transactional / Commercial,BOFU,345,27,Weak (Generic Booking / Stale Blogs),Very High (Booking Commission 10-15%),High (2026 Rates),Programmatic Directory Listing,Property Pricing & Booking Directory,Extremely High (100%),High,High,High,Very High,High (City specific),74.1
S2-0016,best coliving in Madeira digital nomad visa requirements,Europe,Portugal,Madeira,digital nomad visa requirements,Commercial Investigation,MOFU,358,32,Weak (Generic Booking / Stale Blogs),Very High (Booking Commission 10-15%),High (2026 Rates),Programmatic Directory Listing,Comparative City Hub Directory,Extremely High (100%),High,High,High,High,High (City specific),68.8
S2-0017,Madeira workation spaces with digital nomad visa requirements,Europe,Portugal,Madeira,digital nomad visa requirements,Informational / Navigational,TOFU,371,9,Weak (Generic Booking / Stale Blogs),Very High (Booking Commission 10-15%),High (2026 Rates),Programmatic Directory Listing,Structured Property Profile,Extremely High (100%),High,High,High,Medium,High (City specific),94.2
S2-0018,Madeira Portugal remote work digital nomad visa requirements,Europe,Portugal,Madeira,digital nomad visa requirements,Informational / Navigational,TOFU,384,14,Weak (Generic Booking / Stale Blogs),Very High (Booking Commission 10-15%),High (2026 Rates),Programmatic Directory Listing,Structured Property Profile,Extremely High (100%),High,High,High,Medium,High (City specific),88.9
S2-0019,best coliving in Madeira quiet focused coworking spaces,Europe,Portugal,Madeira,quiet focused coworking spaces,Commercial Investigation,MOFU,397,19,Weak (Generic Booking / Stale Blogs),Very High (Booking Commission 10-15%),High (2026 Rates),Programmatic Directory Listing,Comparative City Hub Directory,Extremely High (100%),High,High,High,High,High (City specific),83.5
S2-0020,Madeira workation spaces with quiet focused coworking spaces,Europe,Portugal,Madeira,quiet focused coworking spaces,Informational / Navigational,TOFU,410,24,Weak (Generic Booking / Stale Blogs),Very High (Booking Commission 10-15%),High (2026 Rates),Programmatic Directory Listing,Structured Property Profile,Extremely High (100%),High,High,High,Medium,High (City specific),78.2
S2-0021,Madeira Portugal remote work quiet focused coworking spaces,Europe,Portugal,Madeira,quiet focused coworking spaces,Informational / Navigational,TOFU,423,29,Weak (Generic Booking / Stale Blogs),Very High (Booking Commission 10-15%),High (2026 Rates),Programmatic Directory Listing,Structured Property Profile,Extremely High (100%),High,High,High,Medium,High (City specific),72.8
S2-0022,best coliving in Madeira community coliving for remote developers,Europe,Portugal,Madeira,community coliving for remote developers,Commercial Investigation,MOFU,436,34,Weak (Generic Booking / Stale Blogs),Very High (Booking Commission 10-15%),High (2026 Rates),Programmatic Directory Listing,Comparative City Hub Directory,Extremely High (100%),High,High,High,High,High (City specific),67.4
S2-0023,Madeira workation spaces with community coliving for remote developers,Europe,Portugal,Madeira,community coliving for remote developers,Informational / Navigational,TOFU,449,11,Weak (Generic Booking / Stale Blogs),Very High (Booking Commission 10-15%),High (2026 Rates),Programmatic Directory Listing,Structured Property Profile,Extremely High (100%),High,High,High,Medium,High (City specific),92.9
S2-0024,Madeira Portugal remote work community coliving for remote developers,Europe,Portugal,Madeira,community coliving for remote developers,Informational / Navigational,TOFU,462,16,Weak (Generic Booking / Stale Blogs),Very High (Booking Commission 10-15%),High (2026 Rates),Programmatic Directory Listing,Structured Property Profile,Extremely High (100%),High,High,High,Medium,High (City specific),87.5
S2-0025,best coliving in Madeira walkability score nearby gyms cafes,Europe,Portugal,Madeira,walkability score nearby gyms cafes,Commercial Investigation,MOFU,475,21,Weak (Generic Booking / Stale Blogs),Very High (Booking Commission 10-15%),High (2026 Rates),Programmatic Directory Listing,Comparative City Hub Directory,Extremely High (100%),High,High,High,High,High (City specific),82.2
S2-0026,Madeira workation spaces with walkability score nearby gyms cafes,Europe,Portugal,Madeira,walkability score nearby gyms cafes,Informational / Navigational,TOFU,488,26,Weak (Generic Booking / Stale Blogs),Very High (Booking Commission 10-15%),High (2026 Rates),Programmatic Directory Listing,Structured Property Profile,Extremely High (100%),High,High,High,Medium,High (City specific),76.8
S2-0027,Madeira Portugal remote work walkability score nearby gyms cafes,Europe,Portugal,Madeira,walkability score nearby gyms cafes,Informational / Navigational,TOFU,501,31,Weak (Generic Booking / Stale Blogs),Very High (Booking Commission 10-15%),High (2026 Rates),Programmatic Directory Listing,Structured Property Profile,Extremely High (100%),High,High,High,Medium,High (City specific),71.5
S2-0028,best coliving in Madeira short term vs 30 day stay prices,Europe,Portugal,Madeira,short term vs 30 day stay prices,Transactional / Commercial,BOFU,514,8,Weak (Generic Booking / Stale Blogs),Very High (Booking Commission 10-15%),High (2026 Rates),Programmatic Directory Listing,Property Pricing & Booking Directory,Extremely High (100%),High,High,High,Very High,High (City specific),96.9
S2-0029,Madeira workation spaces with short term vs 30 day stay prices,Europe,Portugal,Madeira,short term vs 30 day stay prices,Transactional / Commercial,BOFU,527,13,Weak (Generic Booking / Stale Blogs),Very High (Booking Commission 10-15%),High (2026 Rates),Programmatic Directory Listing,Property Pricing & Booking Directory,Extremely High (100%),High,High,High,Very High,High (City specific),91.6
S2-0030,Madeira Portugal remote work short term vs 30 day stay prices,Europe,Portugal,Madeira,short term vs 30 day stay prices,Transactional / Commercial,BOFU,540,18,Weak (Generic Booking / Stale Blogs),Very High (Booking Commission 10-15%),High (2026 Rates),Programmatic Directory Listing,Property Pricing & Booking Directory,Extremely High (100%),High,High,High,Very High,High (City specific),86.2
S2-0031,best coliving in Madeira reliable internet speedtest review,Europe,Portugal,Madeira,reliable internet speedtest review,Commercial Investigation,MOFU,553,23,Weak (Generic Booking / Stale Blogs),Very High (Booking Commission 10-15%),High (2026 Rates),Programmatic Directory Listing,Comparative City Hub Directory,Extremely High (100%),High,High,High,High,High (City specific),80.8
S2-0032,Madeira workation spaces with reliable internet speedtest review,Europe,Portugal,Madeira,reliable internet speedtest review,Informational / Navigational,TOFU,566,28,Weak (Generic Booking / Stale Blogs),Very High (Booking Commission 10-15%),High (2026 Rates),Programmatic Directory Listing,Structured Property Profile,Extremely High (100%),High,High,High,Medium,High (City specific),75.5
S2-0033,Madeira Portugal remote work reliable internet speedtest review,Europe,Portugal,Madeira,reliable internet speedtest review,Informational / Navigational,TOFU,579,33,Weak (Generic Booking / Stale Blogs),Very High (Booking Commission 10-15%),High (2026 Rates),Programmatic Directory Listing,Structured Property Profile,Extremely High (100%),High,High,High,Medium,High (City specific),70.1
S2-0034,best coliving in Madeira best neighborhoods for remote work,Europe,Portugal,Madeira,best neighborhoods for remote work,Commercial Investigation,MOFU,592,10,Weak (Generic Booking / Stale Blogs),Very High (Booking Commission 10-15%),High (2026 Rates),Programmatic Directory Listing,Comparative City Hub Directory,Extremely High (100%),High,High,High,High,High (City specific),95.6
S2-0035,Madeira workation spaces with best neighborhoods for remote work,Europe,Portugal,Madeira,best neighborhoods for remote work,Commercial Investigation,MOFU,605,15,Weak (Generic Booking / Stale Blogs),Very High (Booking Commission 10-15%),High (2026 Rates),Programmatic Directory Listing,Comparative City Hub Directory,Extremely High (100%),High,High,High,High,High (City specific),90.2
S2-0036,Madeira Portugal remote work best neighborhoods for remote work,Europe,Portugal,Madeira,best neighborhoods for remote work,Commercial Investigation,MOFU,618,20,Weak (Generic Booking / Stale Blogs),Very High (Booking Commission 10-15%),High (2026 Rates),Programmatic Directory Listing,Comparative City Hub Directory,Extremely High (100%),High,High,High,High,High (City specific),84.9
S2-0037,best coliving in Madeira tax residency and stay limits,Europe,Portugal,Madeira,tax residency and stay limits,Commercial Investigation,MOFU,631,25,Weak (Generic Booking / Stale Blogs),Very High (Booking Commission 10-15%),High (2026 Rates),Programmatic Directory Listing,Comparative City Hub Directory,Extremely High (100%),High,High,High,High,High (City specific),79.5
S2-0038,Madeira workation spaces with tax residency and stay limits,Europe,Portugal,Madeira,tax residency and stay limits,Informational / Navigational,TOFU,644,30,Weak (Generic Booking / Stale Blogs),Very High (Booking Commission 10-15%),High (2026 Rates),Programmatic Directory Listing,Structured Property Profile,Extremely High (100%),High,High,High,Medium,High (City specific),74.2
S2-0039,Madeira Portugal remote work tax residency and stay limits,Europe,Portugal,Madeira,tax residency and stay limits,Informational / Navigational,TOFU,657,35,Weak (Generic Booking / Stale Blogs),Very High (Booking Commission 10-15%),High (2026 Rates),Programmatic Directory Listing,Structured Property Profile,Extremely High (100%),High,High,High,Medium,High (City specific),68.8
S2-0040,best coliving in Madeira dual isp internet redundancy,Europe,Portugal,Madeira,dual isp internet redundancy,Commercial Investigation,MOFU,670,12,Weak (Generic Booking / Stale Blogs),Very High (Booking Commission 10-15%),High (2026 Rates),Programmatic Directory Listing,Comparative City Hub Directory,Extremely High (100%),High,High,High,High,High (City specific),94.2
S2-0041,Madeira workation spaces with dual isp internet redundancy,Europe,Portugal,Madeira,dual isp internet redundancy,Informational / Navigational,TOFU,683,17,Weak (Generic Booking / Stale Blogs),Very High (Booking Commission 10-15%),High (2026 Rates),Programmatic Directory Listing,Structured Property Profile,Extremely High (100%),High,High,High,Medium,High (City specific),88.9
S2-0042,Madeira Portugal remote work dual isp internet redundancy,Europe,Portugal,Madeira,dual isp internet redundancy,Informational / Navigational,TOFU,696,22,Weak (Generic Booking / Stale Blogs),Very High (Booking Commission 10-15%),High (2026 Rates),Programmatic Directory Listing,Structured Property Profile,Extremely High (100%),High,High,High,Medium,High (City specific),83.5
S2-0043,best coliving in Madeira coliving with swimming pool and gym,Europe,Portugal,Madeira,coliving with swimming pool and gym,Commercial Investigation,MOFU,709,27,Weak (Generic Booking / Stale Blogs),Very High (Booking Commission 10-15%),High (2026 Rates),Programmatic Directory Listing,Comparative City Hub Directory,Extremely High (100%),High,High,High,High,High (City specific),78.2
S2-0044,Madeira workation spaces with coliving with swimming pool and gym,Europe,Portugal,Madeira,coliving with swimming pool and gym,Informational / Navigational,TOFU,722,32,Weak (Generic Booking / Stale Blogs),Very High (Booking Commission 10-15%),High (2026 Rates),Programmatic Directory Listing,Structured Property Profile,Extremely High (100%),High,High,High,Medium,High (City specific),72.8
S2-0045,Madeira Portugal remote work coliving with swimming pool and gym,Europe,Portugal,Madeira,coliving with swimming pool and gym,Informational / Navigational,TOFU,735,9,Weak (Generic Booking / Stale Blogs),Very High (Booking Commission 10-15%),High (2026 Rates),Programmatic Directory Listing,Structured Property Profile,Extremely High (100%),High,High,High,Medium,High (City specific),98.3
S2-0046,best coliving in Madeira dog friendly workation properties,Europe,Portugal,Madeira,dog friendly workation properties,Commercial Investigation,MOFU,748,14,Weak (Generic Booking / Stale Blogs),Very High (Booking Commission 10-15%),High (2026 Rates),Programmatic Directory Listing,Comparative City Hub Directory,Extremely High (100%),High,High,High,High,High (City specific),92.9
S2-0047,Madeira workation spaces with dog friendly workation properties,Europe,Portugal,Madeira,dog friendly workation properties,Informational / Navigational,TOFU,761,19,Weak (Generic Booking / Stale Blogs),Very High (Booking Commission 10-15%),High (2026 Rates),Programmatic Directory Listing,Structured Property Profile,Extremely High (100%),High,High,High,Medium,High (City specific),87.6
S2-0048,Madeira Portugal remote work dog friendly workation properties,Europe,Portugal,Madeira,dog friendly workation properties,Informational / Navigational,TOFU,774,24,Weak (Generic Booking / Stale Blogs),Very High (Booking Commission 10-15%),High (2026 Rates),Programmatic Directory Listing,Structured Property Profile,Extremely High (100%),High,High,High,Medium,High (City specific),82.2
S2-0049,best coliving in Madeira workation retreats for distributed teams,Europe,Portugal,Madeira,workation retreats for distributed teams,Commercial Investigation,MOFU,787,29,Weak (Generic Booking / Stale Blogs),Very High (Booking Commission 10-15%),High (2026 Rates),Programmatic Directory Listing,Comparative City Hub Directory,Extremely High (100%),High,High,High,High,High (City specific),76.8
S2-0050,Madeira workation spaces with workation retreats for distributed teams,Europe,Portugal,Madeira,workation retreats for distributed teams,Informational / Navigational,TOFU,800,34,Weak (Generic Booking / Stale Blogs),Very High (Booking Commission 10-15%),High (2026 Rates),Programmatic Directory Listing,Structured Property Profile,Extremely High (100%),High,High,High,Medium,High (City specific),71.5
S2-0051,Madeira Portugal remote work workation retreats for distributed teams,Europe,Portugal,Madeira,workation retreats for distributed teams,Informational / Navigational,TOFU,813,11,Weak (Generic Booking / Stale Blogs),Very High (Booking Commission 10-15%),High (2026 Rates),Programmatic Directory Listing,Structured Property Profile,Extremely High (100%),High,High,High,Medium,High (City specific),96.9
S2-0052,best coliving in Madeira budget friendly coliving under 1000,Europe,Portugal,Madeira,budget friendly coliving under 1000,Commercial Investigation,MOFU,826,16,Weak (Generic Booking / Stale Blogs),Very High (Booking Commission 10-15%),High (2026 Rates),Programmatic Directory Listing,Comparative City Hub Directory,Extremely High (100%),High,High,High,High,High (City specific),91.6
S2-0053,Madeira workation spaces with budget friendly coliving under 1000,Europe,Portugal,Madeira,budget friendly coliving under 1000,Informational / Navigational,TOFU,839,21,Weak (Generic Booking / Stale Blogs),Very High (Booking Commission 10-15%),High (2026 Rates),Programmatic Directory Listing,Structured Property Profile,Extremely High (100%),High,High,High,Medium,High (City specific),86.2
S2-0054,Madeira Portugal remote work budget friendly coliving under 1000,Europe,Portugal,Madeira,budget friendly coliving under 1000,Informational / Navigational,TOFU,852,26,Weak (Generic Booking / Stale Blogs),Very High (Booking Commission 10-15%),High (2026 Rates),Programmatic Directory Listing,Structured Property Profile,Extremely High (100%),High,High,High,Medium,High (City specific),80.9
S2-0055,best coliving in Madeira luxury executive workation apartments,Europe,Portugal,Madeira,luxury executive workation apartments,Commercial Investigation,MOFU,865,31,Weak (Generic Booking / Stale Blogs),Very High (Booking Commission 10-15%),High (2026 Rates),Programmatic Directory Listing,Comparative City Hub Directory,Extremely High (100%),High,High,High,High,High (City specific),75.5
S2-0056,Madeira workation spaces with luxury executive workation apartments,Europe,Portugal,Madeira,luxury executive workation apartments,Informational / Navigational,TOFU,878,8,Weak (Generic Booking / Stale Blogs),Very High (Booking Commission 10-15%),High (2026 Rates),Programmatic Directory Listing,Structured Property Profile,Extremely High (100%),High,High,High,Medium,High (City specific),99.0
S2-0057,Madeira Portugal remote work luxury executive workation apartments,Europe,Portugal,Madeira,luxury executive workation apartments,Informational / Navigational,TOFU,891,13,Weak (Generic Booking / Stale Blogs),Very High (Booking Commission 10-15%),High (2026 Rates),Programmatic Directory Listing,Structured Property Profile,Extremely High (100%),High,High,High,Medium,High (City specific),95.6
S2-0058,best coliving in Madeira coliving with private ensuite bathroom,Europe,Portugal,Madeira,coliving with private ensuite bathroom,Commercial Investigation,MOFU,904,18,Weak (Generic Booking / Stale Blogs),Very High (Booking Commission 10-15%),High (2026 Rates),Programmatic Directory Listing,Comparative City Hub Directory,Extremely High (100%),High,High,High,High,High (City specific),90.2
S2-0059,Madeira workation spaces with coliving with private ensuite bathroom,Europe,Portugal,Madeira,coliving with private ensuite bathroom,Informational / Navigational,TOFU,917,23,Weak (Generic Booking / Stale Blogs),Very High (Booking Commission 10-15%),High (2026 Rates),Programmatic Directory Listing,Structured Property Profile,Extremely High (100%),High,High,High,Medium,High (City specific),84.9
S2-0060,Madeira Portugal remote work coliving with private ensuite bathroom,Europe,Portugal,Madeira,coliving with private ensuite bathroom,Informational / Navigational,TOFU,930,28,Weak (Generic Booking / Stale Blogs),Very High (Booking Commission 10-15%),High (2026 Rates),Programmatic Directory Listing,Structured Property Profile,Extremely High (100%),High,High,High,Medium,High (City specific),79.5
S2-0061,best coliving in Lisbon verified high speed fiber wifi,Europe,Portugal,Lisbon,verified high speed fiber wifi,Commercial Investigation,MOFU,943,33,Weak (Generic Booking / Stale Blogs),Very High (Booking Commission 10-15%),High (2026 Rates),Programmatic Directory Listing,Comparative City Hub Directory,Extremely High (100%),High,High,High,High,High (City specific),74.2
S2-0062,Lisbon workation spaces with verified high speed fiber wifi,Europe,Portugal,Lisbon,verified high speed fiber wifi,Informational / Navigational,TOFU,956,10,Weak (Generic Booking / Stale Blogs),Very High (Booking Commission 10-15%),High (2026 Rates),Programmatic Directory Listing,Structured Property Profile,Extremely High (100%),High,High,High,Medium,High (City specific),99.0
S2-0063,Lisbon Portugal remote work verified high speed fiber wifi,Europe,Portugal,Lisbon,verified high speed fiber wifi,Informational / Navigational,TOFU,969,15,Weak (Generic Booking / Stale Blogs),Very High (Booking Commission 10-15%),High (2026 Rates),Programmatic Directory Listing,Structured Property Profile,Extremely High (100%),High,High,High,Medium,High (City specific),94.3
S2-0064,best coliving in Lisbon ergonomic chairs standing desks,Europe,Portugal,Lisbon,ergonomic chairs standing desks,Commercial Investigation,MOFU,982,20,Weak (Generic Booking / Stale Blogs),Very High (Booking Commission 10-15%),High (2026 Rates),Programmatic Directory Listing,Comparative City Hub Directory,Extremely High (100%),High,High,High,High,High (City specific),88.9
S2-0065,Lisbon workation spaces with ergonomic chairs standing desks,Europe,Portugal,Lisbon,ergonomic chairs standing desks,Informational / Navigational,TOFU,995,25,Weak (Generic Booking / Stale Blogs),Very High (Booking Commission 10-15%),High (2026 Rates),Programmatic Directory Listing,Structured Property Profile,Extremely High (100%),High,High,High,Medium,High (City specific),83.6
S2-0066,Lisbon Portugal remote work ergonomic chairs standing desks,Europe,Portugal,Lisbon,ergonomic chairs standing desks,Informational / Navigational,TOFU,1008,30,Weak (Generic Booking / Stale Blogs),Very High (Booking Commission 10-15%),High (2026 Rates),Programmatic Directory Listing,Structured Property Profile,Extremely High (100%),High,High,High,Medium,High (City specific),78.2
S2-0067,best coliving in Lisbon private soundproof phone call booths,Europe,Portugal,Lisbon,private soundproof phone call booths,Commercial Investigation,MOFU,1021,35,Weak (Generic Booking / Stale Blogs),Very High (Booking Commission 10-15%),High (2026 Rates),Programmatic Directory Listing,Comparative City Hub Directory,Extremely High (100%),High,High,High,High,High (City specific),72.8
S2-0068,Lisbon workation spaces with private soundproof phone call booths,Europe,Portugal,Lisbon,private soundproof phone call booths,Informational / Navigational,TOFU,1034,12,Weak (Generic Booking / Stale Blogs),Very High (Booking Commission 10-15%),High (2026 Rates),Programmatic Directory Listing,Structured Property Profile,Extremely High (100%),High,High,High,Medium,High (City specific),98.3
S2-0069,Lisbon Portugal remote work private soundproof phone call booths,Europe,Portugal,Lisbon,private soundproof phone call booths,Informational / Navigational,TOFU,1047,17,Weak (Generic Booking / Stale Blogs),Very High (Booking Commission 10-15%),High (2026 Rates),Programmatic Directory Listing,Structured Property Profile,Extremely High (100%),High,High,High,Medium,High (City specific),92.9
S2-0070,best coliving in Lisbon backup generator battery power ups,Europe,Portugal,Lisbon,backup generator battery power ups,Commercial Investigation,MOFU,1060,22,Weak (Generic Booking / Stale Blogs),Very High (Booking Commission 10-15%),High (2026 Rates),Programmatic Directory Listing,Comparative City Hub Directory,Extremely High (100%),High,High,High,High,High (City specific),87.6
S2-0071,Lisbon workation spaces with backup generator battery power ups,Europe,Portugal,Lisbon,backup generator battery power ups,Informational / Navigational,TOFU,1073,27,Weak (Generic Booking / Stale Blogs),Very High (Booking Commission 10-15%),High (2026 Rates),Programmatic Directory Listing,Structured Property Profile,Extremely High (100%),High,High,High,Medium,High (City specific),82.2
S2-0072,Lisbon Portugal remote work backup generator battery power ups,Europe,Portugal,Lisbon,backup generator battery power ups,Informational / Navigational,TOFU,1086,32,Weak (Generic Booking / Stale Blogs),Very High (Booking Commission 10-15%),High (2026 Rates),Programmatic Directory Listing,Structured Property Profile,Extremely High (100%),High,High,High,Medium,High (City specific),76.9
S2-0073,best coliving in Lisbon monthly private room rates cost,Europe,Portugal,Lisbon,monthly private room rates cost,Transactional / Commercial,BOFU,1099,9,Weak (Generic Booking / Stale Blogs),Very High (Booking Commission 10-15%),High (2026 Rates),Programmatic Directory Listing,Property Pricing & Booking Directory,Extremely High (100%),High,High,High,Very High,High (City specific),99.0
S2-0074,Lisbon workation spaces with monthly private room rates cost,Europe,Portugal,Lisbon,monthly private room rates cost,Transactional / Commercial,BOFU,1112,14,Weak (Generic Booking / Stale Blogs),Very High (Booking Commission 10-15%),High (2026 Rates),Programmatic Directory Listing,Property Pricing & Booking Directory,Extremely High (100%),High,High,High,Very High,High (City specific),97.0
S2-0075,Lisbon Portugal remote work monthly private room rates cost,Europe,Portugal,Lisbon,monthly private room rates cost,Transactional / Commercial,BOFU,1125,19,Weak (Generic Booking / Stale Blogs),Very High (Booking Commission 10-15%),High (2026 Rates),Programmatic Directory Listing,Property Pricing & Booking Directory,Extremely High (100%),High,High,High,Very High,High (City specific),91.6
S2-0076,best coliving in Lisbon digital nomad visa requirements,Europe,Portugal,Lisbon,digital nomad visa requirements,Commercial Investigation,MOFU,1138,24,Weak (Generic Booking / Stale Blogs),Very High (Booking Commission 10-15%),High (2026 Rates),Programmatic Directory Listing,Comparative City Hub Directory,Extremely High (100%),High,High,High,High,High (City specific),86.2
S2-0077,Lisbon workation spaces with digital nomad visa requirements,Europe,Portugal,Lisbon,digital nomad visa requirements,Informational / Navigational,TOFU,1151,29,Weak (Generic Booking / Stale Blogs),Very High (Booking Commission 10-15%),High (2026 Rates),Programmatic Directory Listing,Structured Property Profile,Extremely High (100%),High,High,High,Medium,High (City specific),80.9
S2-0078,Lisbon Portugal remote work digital nomad visa requirements,Europe,Portugal,Lisbon,digital nomad visa requirements,Informational / Navigational,TOFU,1164,34,Weak (Generic Booking / Stale Blogs),Very High (Booking Commission 10-15%),High (2026 Rates),Programmatic Directory Listing,Structured Property Profile,Extremely High (100%),High,High,High,Medium,High (City specific),75.5
S2-0079,best coliving in Lisbon quiet focused coworking spaces,Europe,Portugal,Lisbon,quiet focused coworking spaces,Commercial Investigation,MOFU,1177,11,Weak (Generic Booking / Stale Blogs),Very High (Booking Commission 10-15%),High (2026 Rates),Programmatic Directory Listing,Comparative City Hub Directory,Extremely High (100%),High,High,High,High,High (City specific),99.0
S2-0080,Lisbon workation spaces with quiet focused coworking spaces,Europe,Portugal,Lisbon,quiet focused coworking spaces,Informational / Navigational,TOFU,1190,16,Weak (Generic Booking / Stale Blogs),Very High (Booking Commission 10-15%),High (2026 Rates),Programmatic Directory Listing,Structured Property Profile,Extremely High (100%),High,High,High,Medium,High (City specific),95.6
S2-0081,Lisbon Portugal remote work quiet focused coworking spaces,Europe,Portugal,Lisbon,quiet focused coworking spaces,Informational / Navigational,TOFU,1203,21,Weak (Generic Booking / Stale Blogs),Very High (Booking Commission 10-15%),High (2026 Rates),Programmatic Directory Listing,Structured Property Profile,Extremely High (100%),High,High,High,Medium,High (City specific),90.3
S2-0082,best coliving in Lisbon community coliving for remote developers,Europe,Portugal,Lisbon,community coliving for remote developers,Commercial Investigation,MOFU,1216,26,Weak (Generic Booking / Stale Blogs),Very High (Booking Commission 10-15%),High (2026 Rates),Programmatic Directory Listing,Comparative City Hub Directory,Extremely High (100%),High,High,High,High,High (City specific),84.9
S2-0083,Lisbon workation spaces with community coliving for remote developers,Europe,Portugal,Lisbon,community coliving for remote developers,Informational / Navigational,TOFU,1229,31,Weak (Generic Booking / Stale Blogs),Very High (Booking Commission 10-15%),High (2026 Rates),Programmatic Directory Listing,Structured Property Profile,Extremely High (100%),High,High,High,Medium,High (City specific),79.6
S2-0084,Lisbon Portugal remote work community coliving for remote developers,Europe,Portugal,Lisbon,community coliving for remote developers,Informational / Navigational,TOFU,1242,8,Weak (Generic Booking / Stale Blogs),Very High (Booking Commission 10-15%),High (2026 Rates),Programmatic Directory Listing,Structured Property Profile,Extremely High (100%),High,High,High,Medium,High (City specific),99.0
S2-0085,best coliving in Lisbon walkability score nearby gyms cafes,Europe,Portugal,Lisbon,walkability score nearby gyms cafes,Commercial Investigation,MOFU,1255,13,Weak (Generic Booking / Stale Blogs),Very High (Booking Commission 10-15%),High (2026 Rates),Programmatic Directory Listing,Comparative City Hub Directory,Extremely High (100%),High,High,High,High,High (City specific),99.0
S2-0086,Lisbon workation spaces with walkability score nearby gyms cafes,Europe,Portugal,Lisbon,walkability score nearby gyms cafes,Informational / Navigational,TOFU,1268,18,Weak (Generic Booking / Stale Blogs),Very High (Booking Commission 10-15%),High (2026 Rates),Programmatic Directory Listing,Structured Property Profile,Extremely High (100%),High,High,High,Medium,High (City specific),94.3
S2-0087,Lisbon Portugal remote work walkability score nearby gyms cafes,Europe,Portugal,Lisbon,walkability score nearby gyms cafes,Informational / Navigational,TOFU,1281,23,Weak (Generic Booking / Stale Blogs),Very High (Booking Commission 10-15%),High (2026 Rates),Programmatic Directory Listing,Structured Property Profile,Extremely High (100%),High,High,High,Medium,High (City specific),88.9
S2-0088,best coliving in Lisbon short term vs 30 day stay prices,Europe,Portugal,Lisbon,short term vs 30 day stay prices,Transactional / Commercial,BOFU,1294,28,Weak (Generic Booking / Stale Blogs),Very High (Booking Commission 10-15%),High (2026 Rates),Programmatic Directory Listing,Property Pricing & Booking Directory,Extremely High (100%),High,High,High,Very High,High (City specific),83.6
S2-0089,Lisbon workation spaces with short term vs 30 day stay prices,Europe,Portugal,Lisbon,short term vs 30 day stay prices,Transactional / Commercial,BOFU,1307,33,Weak (Generic Booking / Stale Blogs),Very High (Booking Commission 10-15%),High (2026 Rates),Programmatic Directory Listing,Property Pricing & Booking Directory,Extremely High (100%),High,High,High,Very High,High (City specific),78.2
S2-0090,Lisbon Portugal remote work short term vs 30 day stay prices,Europe,Portugal,Lisbon,short term vs 30 day stay prices,Transactional / Commercial,BOFU,1320,10,Weak (Generic Booking / Stale Blogs),Very High (Booking Commission 10-15%),High (2026 Rates),Programmatic Directory Listing,Property Pricing & Booking Directory,Extremely High (100%),High,High,High,Very High,High (City specific),99.0
S2-0091,best coliving in Lisbon reliable internet speedtest review,Europe,Portugal,Lisbon,reliable internet speedtest review,Commercial Investigation,MOFU,1333,15,Weak (Generic Booking / Stale Blogs),Very High (Booking Commission 10-15%),High (2026 Rates),Programmatic Directory Listing,Comparative City Hub Directory,Extremely High (100%),High,High,High,High,High (City specific),98.3
S2-0092,Lisbon workation spaces with reliable internet speedtest review,Europe,Portugal,Lisbon,reliable internet speedtest review,Informational / Navigational,TOFU,1346,20,Weak (Generic Booking / Stale Blogs),Very High (Booking Commission 10-15%),High (2026 Rates),Programmatic Directory Listing,Structured Property Profile,Extremely High (100%),High,High,High,Medium,High (City specific),93.0
S2-0093,Lisbon Portugal remote work reliable internet speedtest review,Europe,Portugal,Lisbon,reliable internet speedtest review,Informational / Navigational,TOFU,1359,25,Weak (Generic Booking / Stale Blogs),Very High (Booking Commission 10-15%),High (2026 Rates),Programmatic Directory Listing,Structured Property Profile,Extremely High (100%),High,High,High,Medium,High (City specific),87.6
S2-0094,best coliving in Lisbon best neighborhoods for remote work,Europe,Portugal,Lisbon,best neighborhoods for remote work,Commercial Investigation,MOFU,1372,30,Weak (Generic Booking / Stale Blogs),Very High (Booking Commission 10-15%),High (2026 Rates),Programmatic Directory Listing,Comparative City Hub Directory,Extremely High (100%),High,High,High,High,High (City specific),82.2
S2-0095,Lisbon workation spaces with best neighborhoods for remote work,Europe,Portugal,Lisbon,best neighborhoods for remote work,Commercial Investigation,MOFU,1385,35,Weak (Generic Booking / Stale Blogs),Very High (Booking Commission 10-15%),High (2026 Rates),Programmatic Directory Listing,Comparative City Hub Directory,Extremely High (100%),High,High,High,High,High (City specific),76.9
S2-0096,Lisbon Portugal remote work best neighborhoods for remote work,Europe,Portugal,Lisbon,best neighborhoods for remote work,Commercial Investigation,MOFU,1398,12,Weak (Generic Booking / Stale Blogs),Very High (Booking Commission 10-15%),High (2026 Rates),Programmatic Directory Listing,Comparative City Hub Directory,Extremely High (100%),High,High,High,High,High (City specific),99.0
S2-0097,best coliving in Lisbon tax residency and stay limits,Europe,Portugal,Lisbon,tax residency and stay limits,Commercial Investigation,MOFU,1411,17,Weak (Generic Booking / Stale Blogs),Very High (Booking Commission 10-15%),High (2026 Rates),Programmatic Directory Listing,Comparative City Hub Directory,Extremely High (100%),High,High,High,High,High (City specific),97.0
S2-0098,Lisbon workation spaces with tax residency and stay limits,Europe,Portugal,Lisbon,tax residency and stay limits,Informational / Navigational,TOFU,1424,22,Weak (Generic Booking / Stale Blogs),Very High (Booking Commission 10-15%),High (2026 Rates),Programmatic Directory Listing,Structured Property Profile,Extremely High (100%),High,High,High,Medium,High (City specific),91.6
S2-0099,Lisbon Portugal remote work tax residency and stay limits,Europe,Portugal,Lisbon,tax residency and stay limits,Informational / Navigational,TOFU,1437,27,Weak (Generic Booking / Stale Blogs),Very High (Booking Commission 10-15%),High (2026 Rates),Programmatic Directory Listing,Structured Property Profile,Extremely High (100%),High,High,High,Medium,High (City specific),86.3
S2-0100,best coliving in Lisbon dual isp internet redundancy,Europe,Portugal,Lisbon,dual isp internet redundancy,Commercial Investigation,MOFU,1450,32,Weak (Generic Booking / Stale Blogs),Very High (Booking Commission 10-15%),High (2026 Rates),Programmatic Directory Listing,Comparative City Hub Directory,Extremely High (100%),High,High,High,High,High (City specific),80.9
S2-0101,Lisbon workation spaces with dual isp internet redundancy,Europe,Portugal,Lisbon,dual isp internet redundancy,Informational / Navigational,TOFU,1463,9,Weak (Generic Booking / Stale Blogs),Very High (Booking Commission 10-15%),High (2026 Rates),Programmatic Directory Listing,Structured Property Profile,Extremely High (100%),High,High,High,Medium,High (City specific),99.0
S2-0102,Lisbon Portugal remote work dual isp internet redundancy,Europe,Portugal,Lisbon,dual isp internet redundancy,Informational / Navigational,TOFU,1476,14,Weak (Generic Booking / Stale Blogs),Very High (Booking Commission 10-15%),High (2026 Rates),Programmatic Directory Listing,Structured Property Profile,Extremely High (100%),High,High,High,Medium,High (City specific),99.0
S2-0103,best coliving in Lisbon coliving with swimming pool and gym,Europe,Portugal,Lisbon,coliving with swimming pool and gym,Commercial Investigation,MOFU,1489,19,Weak (Generic Booking / Stale Blogs),Very High (Booking Commission 10-15%),High (2026 Rates),Programmatic Directory Listing,Comparative City Hub Directory,Extremely High (100%),High,High,High,High,High (City specific),95.6
S2-0104,Lisbon workation spaces with coliving with swimming pool and gym,Europe,Portugal,Lisbon,coliving with swimming pool and gym,Informational / Navigational,TOFU,1502,24,Weak (Generic Booking / Stale Blogs),Very High (Booking Commission 10-15%),High (2026 Rates),Programmatic Directory Listing,Structured Property Profile,Extremely High (100%),High,High,High,Medium,High (City specific),90.3
S2-0105,Lisbon Portugal remote work coliving with swimming pool and gym,Europe,Portugal,Lisbon,coliving with swimming pool and gym,Informational / Navigational,TOFU,1515,29,Weak (Generic Booking / Stale Blogs),Very High (Booking Commission 10-15%),High (2026 Rates),Programmatic Directory Listing,Structured Property Profile,Extremely High (100%),High,High,High,Medium,High (City specific),84.9
S2-0106,best coliving in Lisbon dog friendly workation properties,Europe,Portugal,Lisbon,dog friendly workation properties,Commercial Investigation,MOFU,1528,34,Weak (Generic Booking / Stale Blogs),Very High (Booking Commission 10-15%),High (2026 Rates),Programmatic Directory Listing,Comparative City Hub Directory,Extremely High (100%),High,High,High,High,High (City specific),79.6
S2-0107,Lisbon workation spaces with dog friendly workation properties,Europe,Portugal,Lisbon,dog friendly workation properties,Informational / Navigational,TOFU,1541,11,Weak (Generic Booking / Stale Blogs),Very High (Booking Commission 10-15%),High (2026 Rates),Programmatic Directory Listing,Structured Property Profile,Extremely High (100%),High,High,High,Medium,High (City specific),99.0
S2-0108,Lisbon Portugal remote work dog friendly workation properties,Europe,Portugal,Lisbon,dog friendly workation properties,Informational / Navigational,TOFU,1554,16,Weak (Generic Booking / Stale Blogs),Very High (Booking Commission 10-15%),High (2026 Rates),Programmatic Directory Listing,Structured Property Profile,Extremely High (100%),High,High,High,Medium,High (City specific),99.0
S2-0109,best coliving in Lisbon workation retreats for distributed teams,Europe,Portugal,Lisbon,workation retreats for distributed teams,Commercial Investigation,MOFU,1567,21,Weak (Generic Booking / Stale Blogs),Very High (Booking Commission 10-15%),High (2026 Rates),Programmatic Directory Listing,Comparative City Hub Directory,Extremely High (100%),High,High,High,High,High (City specific),94.3
S2-0110,Lisbon workation spaces with workation retreats for distributed teams,Europe,Portugal,Lisbon,workation retreats for distributed teams,Informational / Navigational,TOFU,1580,26,Weak (Generic Booking / Stale Blogs),Very High (Booking Commission 10-15%),High (2026 Rates),Programmatic Directory Listing,Structured Property Profile,Extremely High (100%),High,High,High,Medium,High (City specific),89.0
S2-0111,Lisbon Portugal remote work workation retreats for distributed teams,Europe,Portugal,Lisbon,workation retreats for distributed teams,Informational / Navigational,TOFU,1593,31,Weak (Generic Booking / Stale Blogs),Very High (Booking Commission 10-15%),High (2026 Rates),Programmatic Directory Listing,Structured Property Profile,Extremely High (100%),High,High,High,Medium,High (City specific),83.6
S2-0112,best coliving in Lisbon budget friendly coliving under 1000,Europe,Portugal,Lisbon,budget friendly coliving under 1000,Commercial Investigation,MOFU,1606,8,Weak (Generic Booking / Stale Blogs),Very High (Booking Commission 10-15%),High (2026 Rates),Programmatic Directory Listing,Comparative City Hub Directory,Extremely High (100%),High,High,High,High,High (City specific),99.0
S2-0113,Lisbon workation spaces with budget friendly coliving under 1000,Europe,Portugal,Lisbon,budget friendly coliving under 1000,Informational / Navigational,TOFU,1619,13,Weak (Generic Booking / Stale Blogs),Very High (Booking Commission 10-15%),High (2026 Rates),Programmatic Directory Listing,Structured Property Profile,Extremely High (100%),High,High,High,Medium,High (City specific),99.0
S2-0114,Lisbon Portugal remote work budget friendly coliving under 1000,Europe,Portugal,Lisbon,budget friendly coliving under 1000,Informational / Navigational,TOFU,1632,18,Weak (Generic Booking / Stale Blogs),Very High (Booking Commission 10-15%),High (2026 Rates),Programmatic Directory Listing,Structured Property Profile,Extremely High (100%),High,High,High,Medium,High (City specific),98.3
S2-0115,best coliving in Lisbon luxury executive workation apartments,Europe,Portugal,Lisbon,luxury executive workation apartments,Commercial Investigation,MOFU,1645,23,Weak (Generic Booking / Stale Blogs),Very High (Booking Commission 10-15%),High (2026 Rates),Programmatic Directory Listing,Comparative City Hub Directory,Extremely High (100%),High,High,High,High,High (City specific),93.0
S2-0116,Lisbon workation spaces with luxury executive workation apartments,Europe,Portugal,Lisbon,luxury executive workation apartments,Informational / Navigational,TOFU,1658,28,Weak (Generic Booking / Stale Blogs),Very High (Booking Commission 10-15%),High (2026 Rates),Programmatic Directory Listing,Structured Property Profile,Extremely High (100%),High,High,High,Medium,High (City specific),87.6
S2-0117,Lisbon Portugal remote work luxury executive workation apartments,Europe,Portugal,Lisbon,luxury executive workation apartments,Informational / Navigational,TOFU,1671,33,Weak (Generic Booking / Stale Blogs),Very High (Booking Commission 10-15%),High (2026 Rates),Programmatic Directory Listing,Structured Property Profile,Extremely High (100%),High,High,High,Medium,High (City specific),82.3
S2-0118,best coliving in Lisbon coliving with private ensuite bathroom,Europe,Portugal,Lisbon,coliving with private ensuite bathroom,Commercial Investigation,MOFU,1684,10,Weak (Generic Booking / Stale Blogs),Very High (Booking Commission 10-15%),High (2026 Rates),Programmatic Directory Listing,Comparative City Hub Directory,Extremely High (100%),High,High,High,High,High (City specific),99.0
S2-0119,Lisbon workation spaces with coliving with private ensuite bathroom,Europe,Portugal,Lisbon,coliving with private ensuite bathroom,Informational / Navigational,TOFU,1697,15,Weak (Generic Booking / Stale Blogs),Very High (Booking Commission 10-15%),High (2026 Rates),Programmatic Directory Listing,Structured Property Profile,Extremely High (100%),High,High,High,Medium,High (City specific),99.0
S2-0120,Lisbon Portugal remote work coliving with private ensuite bathroom,Europe,Portugal,Lisbon,coliving with private ensuite bathroom,Informational / Navigational,TOFU,1710,20,Weak (Generic Booking / Stale Blogs),Very High (Booking Commission 10-15%),High (2026 Rates),Programmatic Directory Listing,Structured Property Profile,Extremely High (100%),High,High,High,Medium,High (City specific),97.0
S2-0121,best coliving in Porto verified high speed fiber wifi,Europe,Portugal,Porto,verified high speed fiber wifi,Commercial Investigation,MOFU,1723,25,Weak (Generic Booking / Stale Blogs),Very High (Booking Commission 10-15%),High (2026 Rates),Programmatic Directory Listing,Comparative City Hub Directory,Extremely High (100%),High,High,High,High,High (City specific),91.6
S2-0122,Porto workation spaces with verified high speed fiber wifi,Europe,Portugal,Porto,verified high speed fiber wifi,Informational / Navigational,TOFU,1736,30,Weak (Generic Booking / Stale Blogs),Very High (Booking Commission 10-15%),High (2026 Rates),Programmatic Directory Listing,Structured Property Profile,Extremely High (100%),High,High,High,Medium,High (City specific),86.3
S2-0123,Porto Portugal remote work verified high speed fiber wifi,Europe,Portugal,Porto,verified high speed fiber wifi,Informational / Navigational,TOFU,1749,35,Weak (Generic Booking / Stale Blogs),Very High (Booking Commission 10-15%),High (2026 Rates),Programmatic Directory Listing,Structured Property Profile,Extremely High (100%),High,High,High,Medium,High (City specific),80.9
S2-0124,best coliving in Porto ergonomic chairs standing desks,Europe,Portugal,Porto,ergonomic chairs standing desks,Commercial Investigation,MOFU,1762,12,Weak (Generic Booking / Stale Blogs),Very High (Booking Commission 10-15%),High (2026 Rates),Programmatic Directory Listing,Comparative City Hub Directory,Extremely High (100%),High,High,High,High,High (City specific),99.0
S2-0125,Porto workation spaces with ergonomic chairs standing desks,Europe,Portugal,Porto,ergonomic chairs standing desks,Informational / Navigational,TOFU,1775,17,Weak (Generic Booking / Stale Blogs),Very High (Booking Commission 10-15%),High (2026 Rates),Programmatic Directory Listing,Structured Property Profile,Extremely High (100%),High,High,High,Medium,High (City specific),99.0
S2-0126,Porto Portugal remote work ergonomic chairs standing desks,Europe,Portugal,Porto,ergonomic chairs standing desks,Informational / Navigational,TOFU,1788,22,Weak (Generic Booking / Stale Blogs),Very High (Booking Commission 10-15%),High (2026 Rates),Programmatic Directory Listing,Structured Property Profile,Extremely High (100%),High,High,High,Medium,High (City specific),95.7
S2-0127,best coliving in Porto private soundproof phone call booths,Europe,Portugal,Porto,private soundproof phone call booths,Commercial Investigation,MOFU,1801,27,Weak (Generic Booking / Stale Blogs),Very High (Booking Commission 10-15%),High (2026 Rates),Programmatic Directory Listing,Comparative City Hub Directory,Extremely High (100%),High,High,High,High,High (City specific),90.3
S2-0128,Porto workation spaces with private soundproof phone call booths,Europe,Portugal,Porto,private soundproof phone call booths,Informational / Navigational,TOFU,1814,32,Weak (Generic Booking / Stale Blogs),Very High (Booking Commission 10-15%),High (2026 Rates),Programmatic Directory Listing,Structured Property Profile,Extremely High (100%),High,High,High,Medium,High (City specific),85.0
S2-0129,Porto Portugal remote work private soundproof phone call booths,Europe,Portugal,Porto,private soundproof phone call booths,Informational / Navigational,TOFU,1827,9,Weak (Generic Booking / Stale Blogs),Very High (Booking Commission 10-15%),High (2026 Rates),Programmatic Directory Listing,Structured Property Profile,Extremely High (100%),High,High,High,Medium,High (City specific),99.0
S2-0130,best coliving in Porto backup generator battery power ups,Europe,Portugal,Porto,backup generator battery power ups,Commercial Investigation,MOFU,1840,14,Weak (Generic Booking / Stale Blogs),Very High (Booking Commission 10-15%),High (2026 Rates),Programmatic Directory Listing,Comparative City Hub Directory,Extremely High (100%),High,High,High,High,High (City specific),99.0
S2-0131,Porto workation spaces with backup generator battery power ups,Europe,Portugal,Porto,backup generator battery power ups,Informational / Navigational,TOFU,1853,19,Weak (Generic Booking / Stale Blogs),Very High (Booking Commission 10-15%),High (2026 Rates),Programmatic Directory Listing,Structured Property Profile,Extremely High (100%),High,High,High,Medium,High (City specific),99.0
S2-0132,Porto Portugal remote work backup generator battery power ups,Europe,Portugal,Porto,backup generator battery power ups,Informational / Navigational,TOFU,1866,24,Weak (Generic Booking / Stale Blogs),Very High (Booking Commission 10-15%),High (2026 Rates),Programmatic Directory Listing,Structured Property Profile,Extremely High (100%),High,High,High,Medium,High (City specific),94.3
S2-0133,best coliving in Porto monthly private room rates cost,Europe,Portugal,Porto,monthly private room rates cost,Transactional / Commercial,BOFU,1879,29,Weak (Generic Booking / Stale Blogs),Very High (Booking Commission 10-15%),High (2026 Rates),Programmatic Directory Listing,Property Pricing & Booking Directory,Extremely High (100%),High,High,High,Very High,High (City specific),89.0
S2-0134,Porto workation spaces with monthly private room rates cost,Europe,Portugal,Porto,monthly private room rates cost,Transactional / Commercial,BOFU,1892,34,Weak (Generic Booking / Stale Blogs),Very High (Booking Commission 10-15%),High (2026 Rates),Programmatic Directory Listing,Property Pricing & Booking Directory,Extremely High (100%),High,High,High,Very High,High (City specific),83.6
S2-0135,Porto Portugal remote work monthly private room rates cost,Europe,Portugal,Porto,monthly private room rates cost,Transactional / Commercial,BOFU,1905,11,Weak (Generic Booking / Stale Blogs),Very High (Booking Commission 10-15%),High (2026 Rates),Programmatic Directory Listing,Property Pricing & Booking Directory,Extremely High (100%),High,High,High,Very High,High (City specific),99.0
S2-0136,best coliving in Porto digital nomad visa requirements,Europe,Portugal,Porto,digital nomad visa requirements,Commercial Investigation,MOFU,1918,16,Weak (Generic Booking / Stale Blogs),Very High (Booking Commission 10-15%),High (2026 Rates),Programmatic Directory Listing,Comparative City Hub Directory,Extremely High (100%),High,High,High,High,High (City specific),99.0
S2-0137,Porto workation spaces with digital nomad visa requirements,Europe,Portugal,Porto,digital nomad visa requirements,Informational / Navigational,TOFU,1931,21,Weak (Generic Booking / Stale Blogs),Very High (Booking Commission 10-15%),High (2026 Rates),Programmatic Directory Listing,Structured Property Profile,Extremely High (100%),High,High,High,Medium,High (City specific),98.4
S2-0138,Porto Portugal remote work digital nomad visa requirements,Europe,Portugal,Porto,digital nomad visa requirements,Informational / Navigational,TOFU,1944,26,Weak (Generic Booking / Stale Blogs),Very High (Booking Commission 10-15%),High (2026 Rates),Programmatic Directory Listing,Structured Property Profile,Extremely High (100%),High,High,High,Medium,High (City specific),93.0
S2-0139,best coliving in Porto quiet focused coworking spaces,Europe,Portugal,Porto,quiet focused coworking spaces,Commercial Investigation,MOFU,157,31,Weak (Generic Booking / Stale Blogs),Very High (Booking Commission 10-15%),High (2026 Rates),Programmatic Directory Listing,Comparative City Hub Directory,Extremely High (100%),High,High,High,High,High (City specific),67.6
S2-0140,Porto workation spaces with quiet focused coworking spaces,Europe,Portugal,Porto,quiet focused coworking spaces,Informational / Navigational,TOFU,170,8,Weak (Generic Booking / Stale Blogs),Very High (Booking Commission 10-15%),High (2026 Rates),Programmatic Directory Listing,Structured Property Profile,Extremely High (100%),High,High,High,Medium,High (City specific),93.1
S2-0141,Porto Portugal remote work quiet focused coworking spaces,Europe,Portugal,Porto,quiet focused coworking spaces,Informational / Navigational,TOFU,183,13,Weak (Generic Booking / Stale Blogs),Very High (Booking Commission 10-15%),High (2026 Rates),Programmatic Directory Listing,Structured Property Profile,Extremely High (100%),High,High,High,Medium,High (City specific),87.7
S2-0142,best coliving in Porto community coliving for remote developers,Europe,Portugal,Porto,community coliving for remote developers,Commercial Investigation,MOFU,196,18,Weak (Generic Booking / Stale Blogs),Very High (Booking Commission 10-15%),High (2026 Rates),Programmatic Directory Listing,Comparative City Hub Directory,Extremely High (100%),High,High,High,High,High (City specific),82.4
S2-0143,Porto workation spaces with community coliving for remote developers,Europe,Portugal,Porto,community coliving for remote developers,Informational / Navigational,TOFU,209,23,Weak (Generic Booking / Stale Blogs),Very High (Booking Commission 10-15%),High (2026 Rates),Programmatic Directory Listing,Structured Property Profile,Extremely High (100%),High,High,High,Medium,High (City specific),77.0
S2-0144,Porto Portugal remote work community coliving for remote developers,Europe,Portugal,Porto,community coliving for remote developers,Informational / Navigational,TOFU,222,28,Weak (Generic Booking / Stale Blogs),Very High (Booking Commission 10-15%),High (2026 Rates),Programmatic Directory Listing,Structured Property Profile,Extremely High (100%),High,High,High,Medium,High (City specific),71.7
S2-0145,best coliving in Porto walkability score nearby gyms cafes,Europe,Portugal,Porto,walkability score nearby gyms cafes,Commercial Investigation,MOFU,235,33,Weak (Generic Booking / Stale Blogs),Very High (Booking Commission 10-15%),High (2026 Rates),Programmatic Directory Listing,Comparative City Hub Directory,Extremely High (100%),High,High,High,High,High (City specific),66.3
S2-0146,Porto workation spaces with walkability score nearby gyms cafes,Europe,Portugal,Porto,walkability score nearby gyms cafes,Informational / Navigational,TOFU,248,10,Weak (Generic Booking / Stale Blogs),Very High (Booking Commission 10-15%),High (2026 Rates),Programmatic Directory Listing,Structured Property Profile,Extremely High (100%),High,High,High,Medium,High (City specific),91.8
S2-0147,Porto Portugal remote work walkability score nearby gyms cafes,Europe,Portugal,Porto,walkability score nearby gyms cafes,Informational / Navigational,TOFU,261,15,Weak (Generic Booking / Stale Blogs),Very High (Booking Commission 10-15%),High (2026 Rates),Programmatic Directory Listing,Structured Property Profile,Extremely High (100%),High,High,High,Medium,High (City specific),86.4
S2-0148,best coliving in Porto short term vs 30 day stay prices,Europe,Portugal,Porto,short term vs 30 day stay prices,Transactional / Commercial,BOFU,274,20,Weak (Generic Booking / Stale Blogs),Very High (Booking Commission 10-15%),High (2026 Rates),Programmatic Directory Listing,Property Pricing & Booking Directory,Extremely High (100%),High,High,High,Very High,High (City specific),81.0
S2-0149,Porto workation spaces with short term vs 30 day stay prices,Europe,Portugal,Porto,short term vs 30 day stay prices,Transactional / Commercial,BOFU,287,25,Weak (Generic Booking / Stale Blogs),Very High (Booking Commission 10-15%),High (2026 Rates),Programmatic Directory Listing,Property Pricing & Booking Directory,Extremely High (100%),High,High,High,Very High,High (City specific),75.7
S2-0150,Porto Portugal remote work short term vs 30 day stay prices,Europe,Portugal,Porto,short term vs 30 day stay prices,Transactional / Commercial,BOFU,300,30,Weak (Generic Booking / Stale Blogs),Very High (Booking Commission 10-15%),High (2026 Rates),Programmatic Directory Listing,Property Pricing & Booking Directory,Extremely High (100%),High,High,High,Very High,High (City specific),70.3
S2-0151,best coliving in Porto reliable internet speedtest review,Europe,Portugal,Porto,reliable internet speedtest review,Commercial Investigation,MOFU,313,35,Weak (Generic Booking / Stale Blogs),Very High (Booking Commission 10-15%),High (2026 Rates),Programmatic Directory Listing,Comparative City Hub Directory,Extremely High (100%),High,High,High,High,High (City specific),65.0
S2-0152,Porto workation spaces with reliable internet speedtest review,Europe,Portugal,Porto,reliable internet speedtest review,Informational / Navigational,TOFU,326,12,Weak (Generic Booking / Stale Blogs),Very High (Booking Commission 10-15%),High (2026 Rates),Programmatic Directory Listing,Structured Property Profile,Extremely High (100%),High,High,High,Medium,High (City specific),90.4
S2-0153,Porto Portugal remote work reliable internet speedtest review,Europe,Portugal,Porto,reliable internet speedtest review,Informational / Navigational,TOFU,339,17,Weak (Generic Booking / Stale Blogs),Very High (Booking Commission 10-15%),High (2026 Rates),Programmatic Directory Listing,Structured Property Profile,Extremely High (100%),High,High,High,Medium,High (City specific),85.1
S2-0154,best coliving in Porto best neighborhoods for remote work,Europe,Portugal,Porto,best neighborhoods for remote work,Commercial Investigation,MOFU,352,22,Weak (Generic Booking / Stale Blogs),Very High (Booking Commission 10-15%),High (2026 Rates),Programmatic Directory Listing,Comparative City Hub Directory,Extremely High (100%),High,High,High,High,High (City specific),79.7
S2-0155,Porto workation spaces with best neighborhoods for remote work,Europe,Portugal,Porto,best neighborhoods for remote work,Commercial Investigation,MOFU,365,27,Weak (Generic Booking / Stale Blogs),Very High (Booking Commission 10-15%),High (2026 Rates),Programmatic Directory Listing,Comparative City Hub Directory,Extremely High (100%),High,High,High,High,High (City specific),74.4
S2-0156,Porto Portugal remote work best neighborhoods for remote work,Europe,Portugal,Porto,best neighborhoods for remote work,Commercial Investigation,MOFU,378,32,Weak (Generic Booking / Stale Blogs),Very High (Booking Commission 10-15%),High (2026 Rates),Programmatic Directory Listing,Comparative City Hub Directory,Extremely High (100%),High,High,High,High,High (City specific),69.0
S2-0157,best coliving in Porto tax residency and stay limits,Europe,Portugal,Porto,tax residency and stay limits,Commercial Investigation,MOFU,391,9,Weak (Generic Booking / Stale Blogs),Very High (Booking Commission 10-15%),High (2026 Rates),Programmatic Directory Listing,Comparative City Hub Directory,Extremely High (100%),High,High,High,High,High (City specific),94.4
S2-0158,Porto workation spaces with tax residency and stay limits,Europe,Portugal,Porto,tax residency and stay limits,Informational / Navigational,TOFU,404,14,Weak (Generic Booking / Stale Blogs),Very High (Booking Commission 10-15%),High (2026 Rates),Programmatic Directory Listing,Structured Property Profile,Extremely High (100%),High,High,High,Medium,High (City specific),89.1
S2-0159,Porto Portugal remote work tax residency and stay limits,Europe,Portugal,Porto,tax residency and stay limits,Informational / Navigational,TOFU,417,19,Weak (Generic Booking / Stale Blogs),Very High (Booking Commission 10-15%),High (2026 Rates),Programmatic Directory Listing,Structured Property Profile,Extremely High (100%),High,High,High,Medium,High (City specific),83.7
S2-0160,best coliving in Porto dual isp internet redundancy,Europe,Portugal,Porto,dual isp internet redundancy,Commercial Investigation,MOFU,430,24,Weak (Generic Booking / Stale Blogs),Very High (Booking Commission 10-15%),High (2026 Rates),Programmatic Directory Listing,Comparative City Hub Directory,Extremely High (100%),High,High,High,High,High (City specific),78.4
S2-0161,Porto workation spaces with dual isp internet redundancy,Europe,Portugal,Porto,dual isp internet redundancy,Informational / Navigational,TOFU,443,29,Weak (Generic Booking / Stale Blogs),Very High (Booking Commission 10-15%),High (2026 Rates),Programmatic Directory Listing,Structured Property Profile,Extremely High (100%),High,High,High,Medium,High (City specific),73.0
S2-0162,Porto Portugal remote work dual isp internet redundancy,Europe,Portugal,Porto,dual isp internet redundancy,Informational / Navigational,TOFU,456,34,Weak (Generic Booking / Stale Blogs),Very High (Booking Commission 10-15%),High (2026 Rates),Programmatic Directory Listing,Structured Property Profile,Extremely High (100%),High,High,High,Medium,High (City specific),67.7
S2-0163,best coliving in Porto coliving with swimming pool and gym,Europe,Portugal,Porto,coliving with swimming pool and gym,Commercial Investigation,MOFU,469,11,Weak (Generic Booking / Stale Blogs),Very High (Booking Commission 10-15%),High (2026 Rates),Programmatic Directory Listing,Comparative City Hub Directory,Extremely High (100%),High,High,High,High,High (City specific),93.1
S2-0164,Porto workation spaces with coliving with swimming pool and gym,Europe,Portugal,Porto,coliving with swimming pool and gym,Informational / Navigational,TOFU,482,16,Weak (Generic Booking / Stale Blogs),Very High (Booking Commission 10-15%),High (2026 Rates),Programmatic Directory Listing,Structured Property Profile,Extremely High (100%),High,High,High,Medium,High (City specific),87.8
S2-0165,Porto Portugal remote work coliving with swimming pool and gym,Europe,Portugal,Porto,coliving with swimming pool and gym,Informational / Navigational,TOFU,495,21,Weak (Generic Booking / Stale Blogs),Very High (Booking Commission 10-15%),High (2026 Rates),Programmatic Directory Listing,Structured Property Profile,Extremely High (100%),High,High,High,Medium,High (City specific),82.4
S2-0166,best coliving in Porto dog friendly workation properties,Europe,Portugal,Porto,dog friendly workation properties,Commercial Investigation,MOFU,508,26,Weak (Generic Booking / Stale Blogs),Very High (Booking Commission 10-15%),High (2026 Rates),Programmatic Directory Listing,Comparative City Hub Directory,Extremely High (100%),High,High,High,High,High (City specific),77.0
S2-0167,Porto workation spaces with dog friendly workation properties,Europe,Portugal,Porto,dog friendly workation properties,Informational / Navigational,TOFU,521,31,Weak (Generic Booking / Stale Blogs),Very High (Booking Commission 10-15%),High (2026 Rates),Programmatic Directory Listing,Structured Property Profile,Extremely High (100%),High,High,High,Medium,High (City specific),71.7
S2-0168,Porto Portugal remote work dog friendly workation properties,Europe,Portugal,Porto,dog friendly workation properties,Informational / Navigational,TOFU,534,8,Weak (Generic Booking / Stale Blogs),Very High (Booking Commission 10-15%),High (2026 Rates),Programmatic Directory Listing,Structured Property Profile,Extremely High (100%),High,High,High,Medium,High (City specific),97.1
S2-0169,best coliving in Porto workation retreats for distributed teams,Europe,Portugal,Porto,workation retreats for distributed teams,Commercial Investigation,MOFU,547,13,Weak (Generic Booking / Stale Blogs),Very High (Booking Commission 10-15%),High (2026 Rates),Programmatic Directory Listing,Comparative City Hub Directory,Extremely High (100%),High,High,High,High,High (City specific),91.8
S2-0170,Porto workation spaces with workation retreats for distributed teams,Europe,Portugal,Porto,workation retreats for distributed teams,Informational / Navigational,TOFU,560,18,Weak (Generic Booking / Stale Blogs),Very High (Booking Commission 10-15%),High (2026 Rates),Programmatic Directory Listing,Structured Property Profile,Extremely High (100%),High,High,High,Medium,High (City specific),86.4
S2-0171,Porto Portugal remote work workation retreats for distributed teams,Europe,Portugal,Porto,workation retreats for distributed teams,Informational / Navigational,TOFU,573,23,Weak (Generic Booking / Stale Blogs),Very High (Booking Commission 10-15%),High (2026 Rates),Programmatic Directory Listing,Structured Property Profile,Extremely High (100%),High,High,High,Medium,High (City specific),81.1
S2-0172,best coliving in Porto budget friendly coliving under 1000,Europe,Portugal,Porto,budget friendly coliving under 1000,Commercial Investigation,MOFU,586,28,Weak (Generic Booking / Stale Blogs),Very High (Booking Commission 10-15%),High (2026 Rates),Programmatic Directory Listing,Comparative City Hub Directory,Extremely High (100%),High,High,High,High,High (City specific),75.7
S2-0173,Porto workation spaces with budget friendly coliving under 1000,Europe,Portugal,Porto,budget friendly coliving under 1000,Informational / Navigational,TOFU,599,33,Weak (Generic Booking / Stale Blogs),Very High (Booking Commission 10-15%),High (2026 Rates),Programmatic Directory Listing,Structured Property Profile,Extremely High (100%),High,High,High,Medium,High (City specific),70.4
S2-0174,Porto Portugal remote work budget friendly coliving under 1000,Europe,Portugal,Porto,budget friendly coliving under 1000,Informational / Navigational,TOFU,612,10,Weak (Generic Booking / Stale Blogs),Very High (Booking Commission 10-15%),High (2026 Rates),Programmatic Directory Listing,Structured Property Profile,Extremely High (100%),High,High,High,Medium,High (City specific),95.8
S2-0175,best coliving in Porto luxury executive workation apartments,Europe,Portugal,Porto,luxury executive workation apartments,Commercial Investigation,MOFU,625,15,Weak (Generic Booking / Stale Blogs),Very High (Booking Commission 10-15%),High (2026 Rates),Programmatic Directory Listing,Comparative City Hub Directory,Extremely High (100%),High,High,High,High,High (City specific),90.4
S2-0176,Porto workation spaces with luxury executive workation apartments,Europe,Portugal,Porto,luxury executive workation apartments,Informational / Navigational,TOFU,638,20,Weak (Generic Booking / Stale Blogs),Very High (Booking Commission 10-15%),High (2026 Rates),Programmatic Directory Listing,Structured Property Profile,Extremely High (100%),High,High,High,Medium,High (City specific),85.1
S2-0177,Porto Portugal remote work luxury executive workation apartments,Europe,Portugal,Porto,luxury executive workation apartments,Informational / Navigational,TOFU,651,25,Weak (Generic Booking / Stale Blogs),Very High (Booking Commission 10-15%),High (2026 Rates),Programmatic Directory Listing,Structured Property Profile,Extremely High (100%),High,High,High,Medium,High (City specific),79.7
S2-0178,best coliving in Porto coliving with private ensuite bathroom,Europe,Portugal,Porto,coliving with private ensuite bathroom,Commercial Investigation,MOFU,664,30,Weak (Generic Booking / Stale Blogs),Very High (Booking Commission 10-15%),High (2026 Rates),Programmatic Directory Listing,Comparative City Hub Directory,Extremely High (100%),High,High,High,High,High (City specific),74.4
S2-0179,Porto workation spaces with coliving with private ensuite bathroom,Europe,Portugal,Porto,coliving with private ensuite bathroom,Informational / Navigational,TOFU,677,35,Weak (Generic Booking / Stale Blogs),Very High (Booking Commission 10-15%),High (2026 Rates),Programmatic Directory Listing,Structured Property Profile,Extremely High (100%),High,High,High,Medium,High (City specific),69.0
S2-0180,Porto Portugal remote work coliving with private ensuite bathroom,Europe,Portugal,Porto,coliving with private ensuite bathroom,Informational / Navigational,TOFU,690,12,Weak (Generic Booking / Stale Blogs),Very High (Booking Commission 10-15%),High (2026 Rates),Programmatic Directory Listing,Structured Property Profile,Extremely High (100%),High,High,High,Medium,High (City specific),94.5
S2-0181,best coliving in Algarve verified high speed fiber wifi,Europe,Portugal,Algarve,verified high speed fiber wifi,Commercial Investigation,MOFU,703,17,Weak (Generic Booking / Stale Blogs),Very High (Booking Commission 10-15%),High (2026 Rates),Programmatic Directory Listing,Comparative City Hub Directory,Extremely High (100%),High,High,High,High,High (City specific),89.1
S2-0182,Algarve workation spaces with verified high speed fiber wifi,Europe,Portugal,Algarve,verified high speed fiber wifi,Informational / Navigational,TOFU,716,22,Weak (Generic Booking / Stale Blogs),Very High (Booking Commission 10-15%),High (2026 Rates),Programmatic Directory Listing,Structured Property Profile,Extremely High (100%),High,High,High,Medium,High (City specific),83.8
S2-0183,Algarve Portugal remote work verified high speed fiber wifi,Europe,Portugal,Algarve,verified high speed fiber wifi,Informational / Navigational,TOFU,729,27,Weak (Generic Booking / Stale Blogs),Very High (Booking Commission 10-15%),High (2026 Rates),Programmatic Directory Listing,Structured Property Profile,Extremely High (100%),High,High,High,Medium,High (City specific),78.4
S2-0184,best coliving in Algarve ergonomic chairs standing desks,Europe,Portugal,Algarve,ergonomic chairs standing desks,Commercial Investigation,MOFU,742,32,Weak (Generic Booking / Stale Blogs),Very High (Booking Commission 10-15%),High (2026 Rates),Programmatic Directory Listing,Comparative City Hub Directory,Extremely High (100%),High,High,High,High,High (City specific),73.0
S2-0185,Algarve workation spaces with ergonomic chairs standing desks,Europe,Portugal,Algarve,ergonomic chairs standing desks,Informational / Navigational,TOFU,755,9,Weak (Generic Booking / Stale Blogs),Very High (Booking Commission 10-15%),High (2026 Rates),Programmatic Directory Listing,Structured Property Profile,Extremely High (100%),High,High,High,Medium,High (City specific),98.5
S2-0186,Algarve Portugal remote work ergonomic chairs standing desks,Europe,Portugal,Algarve,ergonomic chairs standing desks,Informational / Navigational,TOFU,768,14,Weak (Generic Booking / Stale Blogs),Very High (Booking Commission 10-15%),High (2026 Rates),Programmatic Directory Listing,Structured Property Profile,Extremely High (100%),High,High,High,Medium,High (City specific),93.1
S2-0187,best coliving in Algarve private soundproof phone call booths,Europe,Portugal,Algarve,private soundproof phone call booths,Commercial Investigation,MOFU,781,19,Weak (Generic Booking / Stale Blogs),Very High (Booking Commission 10-15%),High (2026 Rates),Programmatic Directory Listing,Comparative City Hub Directory,Extremely High (100%),High,High,High,High,High (City specific),87.8
S2-0188,Algarve workation spaces with private soundproof phone call booths,Europe,Portugal,Algarve,private soundproof phone call booths,Informational / Navigational,TOFU,794,24,Weak (Generic Booking / Stale Blogs),Very High (Booking Commission 10-15%),High (2026 Rates),Programmatic Directory Listing,Structured Property Profile,Extremely High (100%),High,High,High,Medium,High (City specific),82.4
S2-0189,Algarve Portugal remote work private soundproof phone call booths,Europe,Portugal,Algarve,private soundproof phone call booths,Informational / Navigational,TOFU,807,29,Weak (Generic Booking / Stale Blogs),Very High (Booking Commission 10-15%),High (2026 Rates),Programmatic Directory Listing,Structured Property Profile,Extremely High (100%),High,High,High,Medium,High (City specific),77.1
S2-0190,best coliving in Algarve backup generator battery power ups,Europe,Portugal,Algarve,backup generator battery power ups,Commercial Investigation,MOFU,820,34,Weak (Generic Booking / Stale Blogs),Very High (Booking Commission 10-15%),High (2026 Rates),Programmatic Directory Listing,Comparative City Hub Directory,Extremely High (100%),High,High,High,High,High (City specific),71.7
S2-0191,Algarve workation spaces with backup generator battery power ups,Europe,Portugal,Algarve,backup generator battery power ups,Informational / Navigational,TOFU,833,11,Weak (Generic Booking / Stale Blogs),Very High (Booking Commission 10-15%),High (2026 Rates),Programmatic Directory Listing,Structured Property Profile,Extremely High (100%),High,High,High,Medium,High (City specific),97.2
S2-0192,Algarve Portugal remote work backup generator battery power ups,Europe,Portugal,Algarve,backup generator battery power ups,Informational / Navigational,TOFU,846,16,Weak (Generic Booking / Stale Blogs),Very High (Booking Commission 10-15%),High (2026 Rates),Programmatic Directory Listing,Structured Property Profile,Extremely High (100%),High,High,High,Medium,High (City specific),91.8
S2-0193,best coliving in Algarve monthly private room rates cost,Europe,Portugal,Algarve,monthly private room rates cost,Transactional / Commercial,BOFU,859,21,Weak (Generic Booking / Stale Blogs),Very High (Booking Commission 10-15%),High (2026 Rates),Programmatic Directory Listing,Property Pricing & Booking Directory,Extremely High (100%),High,High,High,Very High,High (City specific),86.4
S2-0194,Algarve workation spaces with monthly private room rates cost,Europe,Portugal,Algarve,monthly private room rates cost,Transactional / Commercial,BOFU,872,26,Weak (Generic Booking / Stale Blogs),Very High (Booking Commission 10-15%),High (2026 Rates),Programmatic Directory Listing,Property Pricing & Booking Directory,Extremely High (100%),High,High,High,Very High,High (City specific),81.1
S2-0195,Algarve Portugal remote work monthly private room rates cost,Europe,Portugal,Algarve,monthly private room rates cost,Transactional / Commercial,BOFU,885,31,Weak (Generic Booking / Stale Blogs),Very High (Booking Commission 10-15%),High (2026 Rates),Programmatic Directory Listing,Property Pricing & Booking Directory,Extremely High (100%),High,High,High,Very High,High (City specific),75.7
S2-0196,best coliving in Algarve digital nomad visa requirements,Europe,Portugal,Algarve,digital nomad visa requirements,Commercial Investigation,MOFU,898,8,Weak (Generic Booking / Stale Blogs),Very High (Booking Commission 10-15%),High (2026 Rates),Programmatic Directory Listing,Comparative City Hub Directory,Extremely High (100%),High,High,High,High,High (City specific),99.0
S2-0197,Algarve workation spaces with digital nomad visa requirements,Europe,Portugal,Algarve,digital nomad visa requirements,Informational / Navigational,TOFU,911,13,Weak (Generic Booking / Stale Blogs),Very High (Booking Commission 10-15%),High (2026 Rates),Programmatic Directory Listing,Structured Property Profile,Extremely High (100%),High,High,High,Medium,High (City specific),95.8
S2-0198,Algarve Portugal remote work digital nomad visa requirements,Europe,Portugal,Algarve,digital nomad visa requirements,Informational / Navigational,TOFU,924,18,Weak (Generic Booking / Stale Blogs),Very High (Booking Commission 10-15%),High (2026 Rates),Programmatic Directory Listing,Structured Property Profile,Extremely High (100%),High,High,High,Medium,High (City specific),90.5
S2-0199,best coliving in Algarve quiet focused coworking spaces,Europe,Portugal,Algarve,quiet focused coworking spaces,Commercial Investigation,MOFU,937,23,Weak (Generic Booking / Stale Blogs),Very High (Booking Commission 10-15%),High (2026 Rates),Programmatic Directory Listing,Comparative City Hub Directory,Extremely High (100%),High,High,High,High,High (City specific),85.1
S2-0200,Algarve workation spaces with quiet focused coworking spaces,Europe,Portugal,Algarve,quiet focused coworking spaces,Informational / Navigational,TOFU,950,28,Weak (Generic Booking / Stale Blogs),Very High (Booking Commission 10-15%),High (2026 Rates),Programmatic Directory Listing,Structured Property Profile,Extremely High (100%),High,High,High,Medium,High (City specific),79.8
S2-0201,Algarve Portugal remote work quiet focused coworking spaces,Europe,Portugal,Algarve,quiet focused coworking spaces,Informational / Navigational,TOFU,963,33,Weak (Generic Booking / Stale Blogs),Very High (Booking Commission 10-15%),High (2026 Rates),Programmatic Directory Listing,Structured Property Profile,Extremely High (100%),High,High,High,Medium,High (City specific),74.4
S2-0202,best coliving in Algarve community coliving for remote developers,Europe,Portugal,Algarve,community coliving for remote developers,Commercial Investigation,MOFU,976,10,Weak (Generic Booking / Stale Blogs),Very High (Booking Commission 10-15%),High (2026 Rates),Programmatic Directory Listing,Comparative City Hub Directory,Extremely High (100%),High,High,High,High,High (City specific),99.0
S2-0203,Algarve workation spaces with community coliving for remote developers,Europe,Portugal,Algarve,community coliving for remote developers,Informational / Navigational,TOFU,989,15,Weak (Generic Booking / Stale Blogs),Very High (Booking Commission 10-15%),High (2026 Rates),Programmatic Directory Listing,Structured Property Profile,Extremely High (100%),High,High,High,Medium,High (City specific),94.5
S2-0204,Algarve Portugal remote work community coliving for remote developers,Europe,Portugal,Algarve,community coliving for remote developers,Informational / Navigational,TOFU,1002,20,Weak (Generic Booking / Stale Blogs),Very High (Booking Commission 10-15%),High (2026 Rates),Programmatic Directory Listing,Structured Property Profile,Extremely High (100%),High,High,High,Medium,High (City specific),89.1
S2-0205,best coliving in Algarve walkability score nearby gyms cafes,Europe,Portugal,Algarve,walkability score nearby gyms cafes,Commercial Investigation,MOFU,1015,25,Weak (Generic Booking / Stale Blogs),Very High (Booking Commission 10-15%),High (2026 Rates),Programmatic Directory Listing,Comparative City Hub Directory,Extremely High (100%),High,High,High,High,High (City specific),83.8
S2-0206,Algarve workation spaces with walkability score nearby gyms cafes,Europe,Portugal,Algarve,walkability score nearby gyms cafes,Informational / Navigational,TOFU,1028,30,Weak (Generic Booking / Stale Blogs),Very High (Booking Commission 10-15%),High (2026 Rates),Programmatic Directory Listing,Structured Property Profile,Extremely High (100%),High,High,High,Medium,High (City specific),78.4
S2-0207,Algarve Portugal remote work walkability score nearby gyms cafes,Europe,Portugal,Algarve,walkability score nearby gyms cafes,Informational / Navigational,TOFU,1041,35,Weak (Generic Booking / Stale Blogs),Very High (Booking Commission 10-15%),High (2026 Rates),Programmatic Directory Listing,Structured Property Profile,Extremely High (100%),High,High,High,Medium,High (City specific),73.1
S2-0208,best coliving in Algarve short term vs 30 day stay prices,Europe,Portugal,Algarve,short term vs 30 day stay prices,Transactional / Commercial,BOFU,1054,12,Weak (Generic Booking / Stale Blogs),Very High (Booking Commission 10-15%),High (2026 Rates),Programmatic Directory Listing,Property Pricing & Booking Directory,Extremely High (100%),High,High,High,Very High,High (City specific),98.5
S2-0209,Algarve workation spaces with short term vs 30 day stay prices,Europe,Portugal,Algarve,short term vs 30 day stay prices,Transactional / Commercial,BOFU,1067,17,Weak (Generic Booking / Stale Blogs),Very High (Booking Commission 10-15%),High (2026 Rates),Programmatic Directory Listing,Property Pricing & Booking Directory,Extremely High (100%),High,High,High,Very High,High (City specific),93.2
S2-0210,Algarve Portugal remote work short term vs 30 day stay prices,Europe,Portugal,Algarve,short term vs 30 day stay prices,Transactional / Commercial,BOFU,1080,22,Weak (Generic Booking / Stale Blogs),Very High (Booking Commission 10-15%),High (2026 Rates),Programmatic Directory Listing,Property Pricing & Booking Directory,Extremely High (100%),High,High,High,Very High,High (City specific),87.8
S2-0211,best coliving in Algarve reliable internet speedtest review,Europe,Portugal,Algarve,reliable internet speedtest review,Commercial Investigation,MOFU,1093,27,Weak (Generic Booking / Stale Blogs),Very High (Booking Commission 10-15%),High (2026 Rates),Programmatic Directory Listing,Comparative City Hub Directory,Extremely High (100%),High,High,High,High,High (City specific),82.4
S2-0212,Algarve workation spaces with reliable internet speedtest review,Europe,Portugal,Algarve,reliable internet speedtest review,Informational / Navigational,TOFU,1106,32,Weak (Generic Booking / Stale Blogs),Very High (Booking Commission 10-15%),High (2026 Rates),Programmatic Directory Listing,Structured Property Profile,Extremely High (100%),High,High,High,Medium,High (City specific),77.1
S2-0213,Algarve Portugal remote work reliable internet speedtest review,Europe,Portugal,Algarve,reliable internet speedtest review,Informational / Navigational,TOFU,1119,9,Weak (Generic Booking / Stale Blogs),Very High (Booking Commission 10-15%),High (2026 Rates),Programmatic Directory Listing,Structured Property Profile,Extremely High (100%),High,High,High,Medium,High (City specific),99.0
S2-0214,best coliving in Algarve best neighborhoods for remote work,Europe,Portugal,Algarve,best neighborhoods for remote work,Commercial Investigation,MOFU,1132,14,Weak (Generic Booking / Stale Blogs),Very High (Booking Commission 10-15%),High (2026 Rates),Programmatic Directory Listing,Comparative City Hub Directory,Extremely High (100%),High,High,High,High,High (City specific),97.2
S2-0215,Algarve workation spaces with best neighborhoods for remote work,Europe,Portugal,Algarve,best neighborhoods for remote work,Commercial Investigation,MOFU,1145,19,Weak (Generic Booking / Stale Blogs),Very High (Booking Commission 10-15%),High (2026 Rates),Programmatic Directory Listing,Comparative City Hub Directory,Extremely High (100%),High,High,High,High,High (City specific),91.8
S2-0216,Algarve Portugal remote work best neighborhoods for remote work,Europe,Portugal,Algarve,best neighborhoods for remote work,Commercial Investigation,MOFU,1158,24,Weak (Generic Booking / Stale Blogs),Very High (Booking Commission 10-15%),High (2026 Rates),Programmatic Directory Listing,Comparative City Hub Directory,Extremely High (100%),High,High,High,High,High (City specific),86.5
S2-0217,best coliving in Algarve tax residency and stay limits,Europe,Portugal,Algarve,tax residency and stay limits,Commercial Investigation,MOFU,1171,29,Weak (Generic Booking / Stale Blogs),Very High (Booking Commission 10-15%),High (2026 Rates),Programmatic Directory Listing,Comparative City Hub Directory,Extremely High (100%),High,High,High,High,High (City specific),81.1
S2-0218,Algarve workation spaces with tax residency and stay limits,Europe,Portugal,Algarve,tax residency and stay limits,Informational / Navigational,TOFU,1184,34,Weak (Generic Booking / Stale Blogs),Very High (Booking Commission 10-15%),High (2026 Rates),Programmatic Directory Listing,Structured Property Profile,Extremely High (100%),High,High,High,Medium,High (City specific),75.8
S2-0219,Algarve Portugal remote work tax residency and stay limits,Europe,Portugal,Algarve,tax residency and stay limits,Informational / Navigational,TOFU,1197,11,Weak (Generic Booking / Stale Blogs),Very High (Booking Commission 10-15%),High (2026 Rates),Programmatic Directory Listing,Structured Property Profile,Extremely High (100%),High,High,High,Medium,High (City specific),99.0
S2-0220,best coliving in Algarve dual isp internet redundancy,Europe,Portugal,Algarve,dual isp internet redundancy,Commercial Investigation,MOFU,1210,16,Weak (Generic Booking / Stale Blogs),Very High (Booking Commission 10-15%),High (2026 Rates),Programmatic Directory Listing,Comparative City Hub Directory,Extremely High (100%),High,High,High,High,High (City specific),95.8
S2-0221,Algarve workation spaces with dual isp internet redundancy,Europe,Portugal,Algarve,dual isp internet redundancy,Informational / Navigational,TOFU,1223,21,Weak (Generic Booking / Stale Blogs),Very High (Booking Commission 10-15%),High (2026 Rates),Programmatic Directory Listing,Structured Property Profile,Extremely High (100%),High,High,High,Medium,High (City specific),90.5
S2-0222,Algarve Portugal remote work dual isp internet redundancy,Europe,Portugal,Algarve,dual isp internet redundancy,Informational / Navigational,TOFU,1236,26,Weak (Generic Booking / Stale Blogs),Very High (Booking Commission 10-15%),High (2026 Rates),Programmatic Directory Listing,Structured Property Profile,Extremely High (100%),High,High,High,Medium,High (City specific),85.1
S2-0223,best coliving in Algarve coliving with swimming pool and gym,Europe,Portugal,Algarve,coliving with swimming pool and gym,Commercial Investigation,MOFU,1249,31,Weak (Generic Booking / Stale Blogs),Very High (Booking Commission 10-15%),High (2026 Rates),Programmatic Directory Listing,Comparative City Hub Directory,Extremely High (100%),High,High,High,High,High (City specific),79.8
S2-0224,Algarve workation spaces with coliving with swimming pool and gym,Europe,Portugal,Algarve,coliving with swimming pool and gym,Informational / Navigational,TOFU,1262,8,Weak (Generic Booking / Stale Blogs),Very High (Booking Commission 10-15%),High (2026 Rates),Programmatic Directory Listing,Structured Property Profile,Extremely High (100%),High,High,High,Medium,High (City specific),99.0
S2-0225,Algarve Portugal remote work coliving with swimming pool and gym,Europe,Portugal,Algarve,coliving with swimming pool and gym,Informational / Navigational,TOFU,1275,13,Weak (Generic Booking / Stale Blogs),Very High (Booking Commission 10-15%),High (2026 Rates),Programmatic Directory Listing,Structured Property Profile,Extremely High (100%),High,High,High,Medium,High (City specific),99.0
S2-0226,best coliving in Algarve dog friendly workation properties,Europe,Portugal,Algarve,dog friendly workation properties,Commercial Investigation,MOFU,1288,18,Weak (Generic Booking / Stale Blogs),Very High (Booking Commission 10-15%),High (2026 Rates),Programmatic Directory Listing,Comparative City Hub Directory,Extremely High (100%),High,High,High,High,High (City specific),94.5
S2-0227,Algarve workation spaces with dog friendly workation properties,Europe,Portugal,Algarve,dog friendly workation properties,Informational / Navigational,TOFU,1301,23,Weak (Generic Booking / Stale Blogs),Very High (Booking Commission 10-15%),High (2026 Rates),Programmatic Directory Listing,Structured Property Profile,Extremely High (100%),High,High,High,Medium,High (City specific),89.2
S2-0228,Algarve Portugal remote work dog friendly workation properties,Europe,Portugal,Algarve,dog friendly workation properties,Informational / Navigational,TOFU,1314,28,Weak (Generic Booking / Stale Blogs),Very High (Booking Commission 10-15%),High (2026 Rates),Programmatic Directory Listing,Structured Property Profile,Extremely High (100%),High,High,High,Medium,High (City specific),83.8
S2-0229,best coliving in Algarve workation retreats for distributed teams,Europe,Portugal,Algarve,workation retreats for distributed teams,Commercial Investigation,MOFU,1327,33,Weak (Generic Booking / Stale Blogs),Very High (Booking Commission 10-15%),High (2026 Rates),Programmatic Directory Listing,Comparative City Hub Directory,Extremely High (100%),High,High,High,High,High (City specific),78.4
S2-0230,Algarve workation spaces with workation retreats for distributed teams,Europe,Portugal,Algarve,workation retreats for distributed teams,Informational / Navigational,TOFU,1340,10,Weak (Generic Booking / Stale Blogs),Very High (Booking Commission 10-15%),High (2026 Rates),Programmatic Directory Listing,Structured Property Profile,Extremely High (100%),High,High,High,Medium,High (City specific),99.0
S2-0231,Algarve Portugal remote work workation retreats for distributed teams,Europe,Portugal,Algarve,workation retreats for distributed teams,Informational / Navigational,TOFU,1353,15,Weak (Generic Booking / Stale Blogs),Very High (Booking Commission 10-15%),High (2026 Rates),Programmatic Directory Listing,Structured Property Profile,Extremely High (100%),High,High,High,Medium,High (City specific),98.5
S2-0232,best coliving in Algarve budget friendly coliving under 1000,Europe,Portugal,Algarve,budget friendly coliving under 1000,Commercial Investigation,MOFU,1366,20,Weak (Generic Booking / Stale Blogs),Very High (Booking Commission 10-15%),High (2026 Rates),Programmatic Directory Listing,Comparative City Hub Directory,Extremely High (100%),High,High,High,High,High (City specific),93.2
S2-0233,Algarve workation spaces with budget friendly coliving under 1000,Europe,Portugal,Algarve,budget friendly coliving under 1000,Informational / Navigational,TOFU,1379,25,Weak (Generic Booking / Stale Blogs),Very High (Booking Commission 10-15%),High (2026 Rates),Programmatic Directory Listing,Structured Property Profile,Extremely High (100%),High,High,High,Medium,High (City specific),87.8
S2-0234,Algarve Portugal remote work budget friendly coliving under 1000,Europe,Portugal,Algarve,budget friendly coliving under 1000,Informational / Navigational,TOFU,1392,30,Weak (Generic Booking / Stale Blogs),Very High (Booking Commission 10-15%),High (2026 Rates),Programmatic Directory Listing,Structured Property Profile,Extremely High (100%),High,High,High,Medium,High (City specific),82.5
S2-0235,best coliving in Algarve luxury executive workation apartments,Europe,Portugal,Algarve,luxury executive workation apartments,Commercial Investigation,MOFU,1405,35,Weak (Generic Booking / Stale Blogs),Very High (Booking Commission 10-15%),High (2026 Rates),Programmatic Directory Listing,Comparative City Hub Directory,Extremely High (100%),High,High,High,High,High (City specific),77.1
S2-0236,Algarve workation spaces with luxury executive workation apartments,Europe,Portugal,Algarve,luxury executive workation apartments,Informational / Navigational,TOFU,1418,12,Weak (Generic Booking / Stale Blogs),Very High (Booking Commission 10-15%),High (2026 Rates),Programmatic Directory Listing,Structured Property Profile,Extremely High (100%),High,High,High,Medium,High (City specific),99.0
S2-0237,Algarve Portugal remote work luxury executive workation apartments,Europe,Portugal,Algarve,luxury executive workation apartments,Informational / Navigational,TOFU,1431,17,Weak (Generic Booking / Stale Blogs),Very High (Booking Commission 10-15%),High (2026 Rates),Programmatic Directory Listing,Structured Property Profile,Extremely High (100%),High,High,High,Medium,High (City specific),97.2
S2-0238,best coliving in Algarve coliving with private ensuite bathroom,Europe,Portugal,Algarve,coliving with private ensuite bathroom,Commercial Investigation,MOFU,1444,22,Weak (Generic Booking / Stale Blogs),Very High (Booking Commission 10-15%),High (2026 Rates),Programmatic Directory Listing,Comparative City Hub Directory,Extremely High (100%),High,High,High,High,High (City specific),91.8
S2-0239,Algarve workation spaces with coliving with private ensuite bathroom,Europe,Portugal,Algarve,coliving with private ensuite bathroom,Informational / Navigational,TOFU,1457,27,Weak (Generic Booking / Stale Blogs),Very High (Booking Commission 10-15%),High (2026 Rates),Programmatic Directory Listing,Structured Property Profile,Extremely High (100%),High,High,High,Medium,High (City specific),86.5
S2-0240,Algarve Portugal remote work coliving with private ensuite bathroom,Europe,Portugal,Algarve,coliving with private ensuite bathroom,Informational / Navigational,TOFU,1470,32,Weak (Generic Booking / Stale Blogs),Very High (Booking Commission 10-15%),High (2026 Rates),Programmatic Directory Listing,Structured Property Profile,Extremely High (100%),High,High,High,Medium,High (City specific),81.1
S2-0241,best coliving in Bansko verified high speed fiber wifi,Europe,Bulgaria,Bansko,verified high speed fiber wifi,Commercial Investigation,MOFU,1483,9,Weak (Generic Booking / Stale Blogs),Very High (Booking Commission 10-15%),High (2026 Rates),Programmatic Directory Listing,Comparative City Hub Directory,Extremely High (100%),High,High,High,High,High (City specific),99.0
S2-0242,Bansko workation spaces with verified high speed fiber wifi,Europe,Bulgaria,Bansko,verified high speed fiber wifi,Informational / Navigational,TOFU,1496,14,Weak (Generic Booking / Stale Blogs),Very High (Booking Commission 10-15%),High (2026 Rates),Programmatic Directory Listing,Structured Property Profile,Extremely High (100%),High,High,High,Medium,High (City specific),99.0
S2-0243,Bansko Bulgaria remote work verified high speed fiber wifi,Europe,Bulgaria,Bansko,verified high speed fiber wifi,Informational / Navigational,TOFU,1509,19,Weak (Generic Booking / Stale Blogs),Very High (Booking Commission 10-15%),High (2026 Rates),Programmatic Directory Listing,Structured Property Profile,Extremely High (100%),High,High,High,Medium,High (City specific),95.9
S2-0244,best coliving in Bansko ergonomic chairs standing desks,Europe,Bulgaria,Bansko,ergonomic chairs standing desks,Commercial Investigation,MOFU,1522,24,Weak (Generic Booking / Stale Blogs),Very High (Booking Commission 10-15%),High (2026 Rates),Programmatic Directory Listing,Comparative City Hub Directory,Extremely High (100%),High,High,High,High,High (City specific),90.5
S2-0245,Bansko workation spaces with ergonomic chairs standing desks,Europe,Bulgaria,Bansko,ergonomic chairs standing desks,Informational / Navigational,TOFU,1535,29,Weak (Generic Booking / Stale Blogs),Very High (Booking Commission 10-15%),High (2026 Rates),Programmatic Directory Listing,Structured Property Profile,Extremely High (100%),High,High,High,Medium,High (City specific),85.2
S2-0246,Bansko Bulgaria remote work ergonomic chairs standing desks,Europe,Bulgaria,Bansko,ergonomic chairs standing desks,Informational / Navigational,TOFU,1548,34,Weak (Generic Booking / Stale Blogs),Very High (Booking Commission 10-15%),High (2026 Rates),Programmatic Directory Listing,Structured Property Profile,Extremely High (100%),High,High,High,Medium,High (City specific),79.8
S2-0247,best coliving in Bansko private soundproof phone call booths,Europe,Bulgaria,Bansko,private soundproof phone call booths,Commercial Investigation,MOFU,1561,11,Weak (Generic Booking / Stale Blogs),Very High (Booking Commission 10-15%),High (2026 Rates),Programmatic Directory Listing,Comparative City Hub Directory,Extremely High (100%),High,High,High,High,High (City specific),99.0
S2-0248,Bansko workation spaces with private soundproof phone call booths,Europe,Bulgaria,Bansko,private soundproof phone call booths,Informational / Navigational,TOFU,1574,16,Weak (Generic Booking / Stale Blogs),Very High (Booking Commission 10-15%),High (2026 Rates),Programmatic Directory Listing,Structured Property Profile,Extremely High (100%),High,High,High,Medium,High (City specific),99.0
S2-0249,Bansko Bulgaria remote work private soundproof phone call booths,Europe,Bulgaria,Bansko,private soundproof phone call booths,Informational / Navigational,TOFU,1587,21,Weak (Generic Booking / Stale Blogs),Very High (Booking Commission 10-15%),High (2026 Rates),Programmatic Directory Listing,Structured Property Profile,Extremely High (100%),High,High,High,Medium,High (City specific),94.5
S2-0250,best coliving in Bansko backup generator battery power ups,Europe,Bulgaria,Bansko,backup generator battery power ups,Commercial Investigation,MOFU,1600,26,Weak (Generic Booking / Stale Blogs),Very High (Booking Commission 10-15%),High (2026 Rates),Programmatic Directory Listing,Comparative City Hub Directory,Extremely High (100%),High,High,High,High,High (City specific),89.2
S2-0251,Bansko workation spaces with backup generator battery power ups,Europe,Bulgaria,Bansko,backup generator battery power ups,Informational / Navigational,TOFU,1613,31,Weak (Generic Booking / Stale Blogs),Very High (Booking Commission 10-15%),High (2026 Rates),Programmatic Directory Listing,Structured Property Profile,Extremely High (100%),High,High,High,Medium,High (City specific),83.8
S2-0252,Bansko Bulgaria remote work backup generator battery power ups,Europe,Bulgaria,Bansko,backup generator battery power ups,Informational / Navigational,TOFU,1626,8,Weak (Generic Booking / Stale Blogs),Very High (Booking Commission 10-15%),High (2026 Rates),Programmatic Directory Listing,Structured Property Profile,Extremely High (100%),High,High,High,Medium,High (City specific),99.0
S2-0253,best coliving in Bansko monthly private room rates cost,Europe,Bulgaria,Bansko,monthly private room rates cost,Transactional / Commercial,BOFU,1639,13,Weak (Generic Booking / Stale Blogs),Very High (Booking Commission 10-15%),High (2026 Rates),Programmatic Directory Listing,Property Pricing & Booking Directory,Extremely High (100%),High,High,High,Very High,High (City specific),99.0
S2-0254,Bansko workation spaces with monthly private room rates cost,Europe,Bulgaria,Bansko,monthly private room rates cost,Transactional / Commercial,BOFU,1652,18,Weak (Generic Booking / Stale Blogs),Very High (Booking Commission 10-15%),High (2026 Rates),Programmatic Directory Listing,Property Pricing & Booking Directory,Extremely High (100%),High,High,High,Very High,High (City specific),98.6
S2-0255,Bansko Bulgaria remote work monthly private room rates cost,Europe,Bulgaria,Bansko,monthly private room rates cost,Transactional / Commercial,BOFU,1665,23,Weak (Generic Booking / Stale Blogs),Very High (Booking Commission 10-15%),High (2026 Rates),Programmatic Directory Listing,Property Pricing & Booking Directory,Extremely High (100%),High,High,High,Very High,High (City specific),93.2
S2-0256,best coliving in Bansko digital nomad visa requirements,Europe,Bulgaria,Bansko,digital nomad visa requirements,Commercial Investigation,MOFU,1678,28,Weak (Generic Booking / Stale Blogs),Very High (Booking Commission 10-15%),High (2026 Rates),Programmatic Directory Listing,Comparative City Hub Directory,Extremely High (100%),High,High,High,High,High (City specific),87.8
S2-0257,Bansko workation spaces with digital nomad visa requirements,Europe,Bulgaria,Bansko,digital nomad visa requirements,Informational / Navigational,TOFU,1691,33,Weak (Generic Booking / Stale Blogs),Very High (Booking Commission 10-15%),High (2026 Rates),Programmatic Directory Listing,Structured Property Profile,Extremely High (100%),High,High,High,Medium,High (City specific),82.5
S2-0258,Bansko Bulgaria remote work digital nomad visa requirements,Europe,Bulgaria,Bansko,digital nomad visa requirements,Informational / Navigational,TOFU,1704,10,Weak (Generic Booking / Stale Blogs),Very High (Booking Commission 10-15%),High (2026 Rates),Programmatic Directory Listing,Structured Property Profile,Extremely High (100%),High,High,High,Medium,High (City specific),99.0
S2-0259,best coliving in Bansko quiet focused coworking spaces,Europe,Bulgaria,Bansko,quiet focused coworking spaces,Commercial Investigation,MOFU,1717,15,Weak (Generic Booking / Stale Blogs),Very High (Booking Commission 10-15%),High (2026 Rates),Programmatic Directory Listing,Comparative City Hub Directory,Extremely High (100%),High,High,High,High,High (City specific),99.0
S2-0260,Bansko workation spaces with quiet focused coworking spaces,Europe,Bulgaria,Bansko,quiet focused coworking spaces,Informational / Navigational,TOFU,1730,20,Weak (Generic Booking / Stale Blogs),Very High (Booking Commission 10-15%),High (2026 Rates),Programmatic Directory Listing,Structured Property Profile,Extremely High (100%),High,High,High,Medium,High (City specific),97.2
S2-0261,Bansko Bulgaria remote work quiet focused coworking spaces,Europe,Bulgaria,Bansko,quiet focused coworking spaces,Informational / Navigational,TOFU,1743,25,Weak (Generic Booking / Stale Blogs),Very High (Booking Commission 10-15%),High (2026 Rates),Programmatic Directory Listing,Structured Property Profile,Extremely High (100%),High,High,High,Medium,High (City specific),91.9
S2-0262,best coliving in Bansko community coliving for remote developers,Europe,Bulgaria,Bansko,community coliving for remote developers,Commercial Investigation,MOFU,1756,30,Weak (Generic Booking / Stale Blogs),Very High (Booking Commission 10-15%),High (2026 Rates),Programmatic Directory Listing,Comparative City Hub Directory,Extremely High (100%),High,High,High,High,High (City specific),86.5
S2-0263,Bansko workation spaces with community coliving for remote developers,Europe,Bulgaria,Bansko,community coliving for remote developers,Informational / Navigational,TOFU,1769,35,Weak (Generic Booking / Stale Blogs),Very High (Booking Commission 10-15%),High (2026 Rates),Programmatic Directory Listing,Structured Property Profile,Extremely High (100%),High,High,High,Medium,High (City specific),81.2
S2-0264,Bansko Bulgaria remote work community coliving for remote developers,Europe,Bulgaria,Bansko,community coliving for remote developers,Informational / Navigational,TOFU,1782,12,Weak (Generic Booking / Stale Blogs),Very High (Booking Commission 10-15%),High (2026 Rates),Programmatic Directory Listing,Structured Property Profile,Extremely High (100%),High,High,High,Medium,High (City specific),99.0
S2-0265,best coliving in Bansko walkability score nearby gyms cafes,Europe,Bulgaria,Bansko,walkability score nearby gyms cafes,Commercial Investigation,MOFU,1795,17,Weak (Generic Booking / Stale Blogs),Very High (Booking Commission 10-15%),High (2026 Rates),Programmatic Directory Listing,Comparative City Hub Directory,Extremely High (100%),High,High,High,High,High (City specific),99.0
S2-0266,Bansko workation spaces with walkability score nearby gyms cafes,Europe,Bulgaria,Bansko,walkability score nearby gyms cafes,Informational / Navigational,TOFU,1808,22,Weak (Generic Booking / Stale Blogs),Very High (Booking Commission 10-15%),High (2026 Rates),Programmatic Directory Listing,Structured Property Profile,Extremely High (100%),High,High,High,Medium,High (City specific),95.9
S2-0267,Bansko Bulgaria remote work walkability score nearby gyms cafes,Europe,Bulgaria,Bansko,walkability score nearby gyms cafes,Informational / Navigational,TOFU,1821,27,Weak (Generic Booking / Stale Blogs),Very High (Booking Commission 10-15%),High (2026 Rates),Programmatic Directory Listing,Structured Property Profile,Extremely High (100%),High,High,High,Medium,High (City specific),90.5
S2-0268,best coliving in Bansko short term vs 30 day stay prices,Europe,Bulgaria,Bansko,short term vs 30 day stay prices,Transactional / Commercial,BOFU,1834,32,Weak (Generic Booking / Stale Blogs),Very High (Booking Commission 10-15%),High (2026 Rates),Programmatic Directory Listing,Property Pricing & Booking Directory,Extremely High (100%),High,High,High,Very High,High (City specific),85.2
S2-0269,Bansko workation spaces with short term vs 30 day stay prices,Europe,Bulgaria,Bansko,short term vs 30 day stay prices,Transactional / Commercial,BOFU,1847,9,Weak (Generic Booking / Stale Blogs),Very High (Booking Commission 10-15%),High (2026 Rates),Programmatic Directory Listing,Property Pricing & Booking Directory,Extremely High (100%),High,High,High,Very High,High (City specific),99.0
S2-0270,Bansko Bulgaria remote work short term vs 30 day stay prices,Europe,Bulgaria,Bansko,short term vs 30 day stay prices,Transactional / Commercial,BOFU,1860,14,Weak (Generic Booking / Stale Blogs),Very High (Booking Commission 10-15%),High (2026 Rates),Programmatic Directory Listing,Property Pricing & Booking Directory,Extremely High (100%),High,High,High,Very High,High (City specific),99.0
S2-0271,best coliving in Bansko reliable internet speedtest review,Europe,Bulgaria,Bansko,reliable internet speedtest review,Commercial Investigation,MOFU,1873,19,Weak (Generic Booking / Stale Blogs),Very High (Booking Commission 10-15%),High (2026 Rates),Programmatic Directory Listing,Comparative City Hub Directory,Extremely High (100%),High,High,High,High,High (City specific),99.0
S2-0272,Bansko workation spaces with reliable internet speedtest review,Europe,Bulgaria,Bansko,reliable internet speedtest review,Informational / Navigational,TOFU,1886,24,Weak (Generic Booking / Stale Blogs),Very High (Booking Commission 10-15%),High (2026 Rates),Programmatic Directory Listing,Structured Property Profile,Extremely High (100%),High,High,High,Medium,High (City specific),94.6
S2-0273,Bansko Bulgaria remote work reliable internet speedtest review,Europe,Bulgaria,Bansko,reliable internet speedtest review,Informational / Navigational,TOFU,1899,29,Weak (Generic Booking / Stale Blogs),Very High (Booking Commission 10-15%),High (2026 Rates),Programmatic Directory Listing,Structured Property Profile,Extremely High (100%),High,High,High,Medium,High (City specific),89.2
S2-0274,best coliving in Bansko best neighborhoods for remote work,Europe,Bulgaria,Bansko,best neighborhoods for remote work,Commercial Investigation,MOFU,1912,34,Weak (Generic Booking / Stale Blogs),Very High (Booking Commission 10-15%),High (2026 Rates),Programmatic Directory Listing,Comparative City Hub Directory,Extremely High (100%),High,High,High,High,High (City specific),83.8
S2-0275,Bansko workation spaces with best neighborhoods for remote work,Europe,Bulgaria,Bansko,best neighborhoods for remote work,Commercial Investigation,MOFU,1925,11,Weak (Generic Booking / Stale Blogs),Very High (Booking Commission 10-15%),High (2026 Rates),Programmatic Directory Listing,Comparative City Hub Directory,Extremely High (100%),High,High,High,High,High (City specific),99.0
S2-0276,Bansko Bulgaria remote work best neighborhoods for remote work,Europe,Bulgaria,Bansko,best neighborhoods for remote work,Commercial Investigation,MOFU,1938,16,Weak (Generic Booking / Stale Blogs),Very High (Booking Commission 10-15%),High (2026 Rates),Programmatic Directory Listing,Comparative City Hub Directory,Extremely High (100%),High,High,High,High,High (City specific),99.0
S2-0277,best coliving in Bansko tax residency and stay limits,Europe,Bulgaria,Bansko,tax residency and stay limits,Commercial Investigation,MOFU,151,21,Weak (Generic Booking / Stale Blogs),Very High (Booking Commission 10-15%),High (2026 Rates),Programmatic Directory Listing,Comparative City Hub Directory,Extremely High (100%),High,High,High,High,High (City specific),78.6
S2-0278,Bansko workation spaces with tax residency and stay limits,Europe,Bulgaria,Bansko,tax residency and stay limits,Informational / Navigational,TOFU,164,26,Weak (Generic Booking / Stale Blogs),Very High (Booking Commission 10-15%),High (2026 Rates),Programmatic Directory Listing,Structured Property Profile,Extremely High (100%),High,High,High,Medium,High (City specific),73.2
S2-0279,Bansko Bulgaria remote work tax residency and stay limits,Europe,Bulgaria,Bansko,tax residency and stay limits,Informational / Navigational,TOFU,177,31,Weak (Generic Booking / Stale Blogs),Very High (Booking Commission 10-15%),High (2026 Rates),Programmatic Directory Listing,Structured Property Profile,Extremely High (100%),High,High,High,Medium,High (City specific),67.9
S2-0280,best coliving in Bansko dual isp internet redundancy,Europe,Bulgaria,Bansko,dual isp internet redundancy,Commercial Investigation,MOFU,190,8,Weak (Generic Booking / Stale Blogs),Very High (Booking Commission 10-15%),High (2026 Rates),Programmatic Directory Listing,Comparative City Hub Directory,Extremely High (100%),High,High,High,High,High (City specific),93.3
S2-0281,Bansko workation spaces with dual isp internet redundancy,Europe,Bulgaria,Bansko,dual isp internet redundancy,Informational / Navigational,TOFU,203,13,Weak (Generic Booking / Stale Blogs),Very High (Booking Commission 10-15%),High (2026 Rates),Programmatic Directory Listing,Structured Property Profile,Extremely High (100%),High,High,High,Medium,High (City specific),88.0
S2-0282,Bansko Bulgaria remote work dual isp internet redundancy,Europe,Bulgaria,Bansko,dual isp internet redundancy,Informational / Navigational,TOFU,216,18,Weak (Generic Booking / Stale Blogs),Very High (Booking Commission 10-15%),High (2026 Rates),Programmatic Directory Listing,Structured Property Profile,Extremely High (100%),High,High,High,Medium,High (City specific),82.6
S2-0283,best coliving in Bansko coliving with swimming pool and gym,Europe,Bulgaria,Bansko,coliving with swimming pool and gym,Commercial Investigation,MOFU,229,23,Weak (Generic Booking / Stale Blogs),Very High (Booking Commission 10-15%),High (2026 Rates),Programmatic Directory Listing,Comparative City Hub Directory,Extremely High (100%),High,High,High,High,High (City specific),77.2
S2-0284,Bansko workation spaces with coliving with swimming pool and gym,Europe,Bulgaria,Bansko,coliving with swimming pool and gym,Informational / Navigational,TOFU,242,28,Weak (Generic Booking / Stale Blogs),Very High (Booking Commission 10-15%),High (2026 Rates),Programmatic Directory Listing,Structured Property Profile,Extremely High (100%),High,High,High,Medium,High (City specific),71.9
S2-0285,Bansko Bulgaria remote work coliving with swimming pool and gym,Europe,Bulgaria,Bansko,coliving with swimming pool and gym,Informational / Navigational,TOFU,255,33,Weak (Generic Booking / Stale Blogs),Very High (Booking Commission 10-15%),High (2026 Rates),Programmatic Directory Listing,Structured Property Profile,Extremely High (100%),High,High,High,Medium,High (City specific),66.5
S2-0286,best coliving in Bansko dog friendly workation properties,Europe,Bulgaria,Bansko,dog friendly workation properties,Commercial Investigation,MOFU,268,10,Weak (Generic Booking / Stale Blogs),Very High (Booking Commission 10-15%),High (2026 Rates),Programmatic Directory Listing,Comparative City Hub Directory,Extremely High (100%),High,High,High,High,High (City specific),92.0
S2-0287,Bansko workation spaces with dog friendly workation properties,Europe,Bulgaria,Bansko,dog friendly workation properties,Informational / Navigational,TOFU,281,15,Weak (Generic Booking / Stale Blogs),Very High (Booking Commission 10-15%),High (2026 Rates),Programmatic Directory Listing,Structured Property Profile,Extremely High (100%),High,High,High,Medium,High (City specific),86.6
S2-0288,Bansko Bulgaria remote work dog friendly workation properties,Europe,Bulgaria,Bansko,dog friendly workation properties,Informational / Navigational,TOFU,294,20,Weak (Generic Booking / Stale Blogs),Very High (Booking Commission 10-15%),High (2026 Rates),Programmatic Directory Listing,Structured Property Profile,Extremely High (100%),High,High,High,Medium,High (City specific),81.3
S2-0289,best coliving in Bansko workation retreats for distributed teams,Europe,Bulgaria,Bansko,workation retreats for distributed teams,Commercial Investigation,MOFU,307,25,Weak (Generic Booking / Stale Blogs),Very High (Booking Commission 10-15%),High (2026 Rates),Programmatic Directory Listing,Comparative City Hub Directory,Extremely High (100%),High,High,High,High,High (City specific),75.9
S2-0290,Bansko workation spaces with workation retreats for distributed teams,Europe,Bulgaria,Bansko,workation retreats for distributed teams,Informational / Navigational,TOFU,320,30,Weak (Generic Booking / Stale Blogs),Very High (Booking Commission 10-15%),High (2026 Rates),Programmatic Directory Listing,Structured Property Profile,Extremely High (100%),High,High,High,Medium,High (City specific),70.6
S2-0291,Bansko Bulgaria remote work workation retreats for distributed teams,Europe,Bulgaria,Bansko,workation retreats for distributed teams,Informational / Navigational,TOFU,333,35,Weak (Generic Booking / Stale Blogs),Very High (Booking Commission 10-15%),High (2026 Rates),Programmatic Directory Listing,Structured Property Profile,Extremely High (100%),High,High,High,Medium,High (City specific),65.2
S2-0292,best coliving in Bansko budget friendly coliving under 1000,Europe,Bulgaria,Bansko,budget friendly coliving under 1000,Commercial Investigation,MOFU,346,12,Weak (Generic Booking / Stale Blogs),Very High (Booking Commission 10-15%),High (2026 Rates),Programmatic Directory Listing,Comparative City Hub Directory,Extremely High (100%),High,High,High,High,High (City specific),90.6
S2-0293,Bansko workation spaces with budget friendly coliving under 1000,Europe,Bulgaria,Bansko,budget friendly coliving under 1000,Informational / Navigational,TOFU,359,17,Weak (Generic Booking / Stale Blogs),Very High (Booking Commission 10-15%),High (2026 Rates),Programmatic Directory Listing,Structured Property Profile,Extremely High (100%),High,High,High,Medium,High (City specific),85.3
S2-0294,Bansko Bulgaria remote work budget friendly coliving under 1000,Europe,Bulgaria,Bansko,budget friendly coliving under 1000,Informational / Navigational,TOFU,372,22,Weak (Generic Booking / Stale Blogs),Very High (Booking Commission 10-15%),High (2026 Rates),Programmatic Directory Listing,Structured Property Profile,Extremely High (100%),High,High,High,Medium,High (City specific),79.9
S2-0295,best coliving in Bansko luxury executive workation apartments,Europe,Bulgaria,Bansko,luxury executive workation apartments,Commercial Investigation,MOFU,385,27,Weak (Generic Booking / Stale Blogs),Very High (Booking Commission 10-15%),High (2026 Rates),Programmatic Directory Listing,Comparative City Hub Directory,Extremely High (100%),High,High,High,High,High (City specific),74.6
S2-0296,Bansko workation spaces with luxury executive workation apartments,Europe,Bulgaria,Bansko,luxury executive workation apartments,Informational / Navigational,TOFU,398,32,Weak (Generic Booking / Stale Blogs),Very High (Booking Commission 10-15%),High (2026 Rates),Programmatic Directory Listing,Structured Property Profile,Extremely High (100%),High,High,High,Medium,High (City specific),69.2
S2-0297,Bansko Bulgaria remote work luxury executive workation apartments,Europe,Bulgaria,Bansko,luxury executive workation apartments,Informational / Navigational,TOFU,411,9,Weak (Generic Booking / Stale Blogs),Very High (Booking Commission 10-15%),High (2026 Rates),Programmatic Directory Listing,Structured Property Profile,Extremely High (100%),High,High,High,Medium,High (City specific),94.7
S2-0298,best coliving in Bansko coliving with private ensuite bathroom,Europe,Bulgaria,Bansko,coliving with private ensuite bathroom,Commercial Investigation,MOFU,424,14,Weak (Generic Booking / Stale Blogs),Very High (Booking Commission 10-15%),High (2026 Rates),Programmatic Directory Listing,Comparative City Hub Directory,Extremely High (100%),High,High,High,High,High (City specific),89.3
S2-0299,Bansko workation spaces with coliving with private ensuite bathroom,Europe,Bulgaria,Bansko,coliving with private ensuite bathroom,Informational / Navigational,TOFU,437,19,Weak (Generic Booking / Stale Blogs),Very High (Booking Commission 10-15%),High (2026 Rates),Programmatic Directory Listing,Structured Property Profile,Extremely High (100%),High,High,High,Medium,High (City specific),84.0
S2-0300,Bansko Bulgaria remote work coliving with private ensuite bathroom,Europe,Bulgaria,Bansko,coliving with private ensuite bathroom,Informational / Navigational,TOFU,450,24,Weak (Generic Booking / Stale Blogs),Very High (Booking Commission 10-15%),High (2026 Rates),Programmatic Directory Listing,Structured Property Profile,Extremely High (100%),High,High,High,Medium,High (City specific),78.6
S2-0301,best coliving in Gran Canaria verified high speed fiber wifi,Europe,Spain,Gran Canaria,verified high speed fiber wifi,Commercial Investigation,MOFU,463,29,Weak (Generic Booking / Stale Blogs),Very High (Booking Commission 10-15%),High (2026 Rates),Programmatic Directory Listing,Comparative City Hub Directory,Extremely High (100%),High,High,High,High,High (City specific),73.2
S2-0302,Gran Canaria workation spaces with verified high speed fiber wifi,Europe,Spain,Gran Canaria,verified high speed fiber wifi,Informational / Navigational,TOFU,476,34,Weak (Generic Booking / Stale Blogs),Very High (Booking Commission 10-15%),High (2026 Rates),Programmatic Directory Listing,Structured Property Profile,Extremely High (100%),High,High,High,Medium,High (City specific),67.9
S2-0303,Gran Canaria Spain remote work verified high speed fiber wifi,Europe,Spain,Gran Canaria,verified high speed fiber wifi,Informational / Navigational,TOFU,489,11,Weak (Generic Booking / Stale Blogs),Very High (Booking Commission 10-15%),High (2026 Rates),Programmatic Directory Listing,Structured Property Profile,Extremely High (100%),High,High,High,Medium,High (City specific),93.3
S2-0304,best coliving in Gran Canaria ergonomic chairs standing desks,Europe,Spain,Gran Canaria,ergonomic chairs standing desks,Commercial Investigation,MOFU,502,16,Weak (Generic Booking / Stale Blogs),Very High (Booking Commission 10-15%),High (2026 Rates),Programmatic Directory Listing,Comparative City Hub Directory,Extremely High (100%),High,High,High,High,High (City specific),88.0
S2-0305,Gran Canaria workation spaces with ergonomic chairs standing desks,Europe,Spain,Gran Canaria,ergonomic chairs standing desks,Informational / Navigational,TOFU,515,21,Weak (Generic Booking / Stale Blogs),Very High (Booking Commission 10-15%),High (2026 Rates),Programmatic Directory Listing,Structured Property Profile,Extremely High (100%),High,High,High,Medium,High (City specific),82.6
S2-0306,Gran Canaria Spain remote work ergonomic chairs standing desks,Europe,Spain,Gran Canaria,ergonomic chairs standing desks,Informational / Navigational,TOFU,528,26,Weak (Generic Booking / Stale Blogs),Very High (Booking Commission 10-15%),High (2026 Rates),Programmatic Directory Listing,Structured Property Profile,Extremely High (100%),High,High,High,Medium,High (City specific),77.3
S2-0307,best coliving in Gran Canaria private soundproof phone call booths,Europe,Spain,Gran Canaria,private soundproof phone call booths,Commercial Investigation,MOFU,541,31,Weak (Generic Booking / Stale Blogs),Very High (Booking Commission 10-15%),High (2026 Rates),Programmatic Directory Listing,Comparative City Hub Directory,Extremely High (100%),High,High,High,High,High (City specific),71.9
S2-0308,Gran Canaria workation spaces with private soundproof phone call booths,Europe,Spain,Gran Canaria,private soundproof phone call booths,Informational / Navigational,TOFU,554,8,Weak (Generic Booking / Stale Blogs),Very High (Booking Commission 10-15%),High (2026 Rates),Programmatic Directory Listing,Structured Property Profile,Extremely High (100%),High,High,High,Medium,High (City specific),97.4
S2-0309,Gran Canaria Spain remote work private soundproof phone call booths,Europe,Spain,Gran Canaria,private soundproof phone call booths,Informational / Navigational,TOFU,567,13,Weak (Generic Booking / Stale Blogs),Very High (Booking Commission 10-15%),High (2026 Rates),Programmatic Directory Listing,Structured Property Profile,Extremely High (100%),High,High,High,Medium,High (City specific),92.0
S2-0310,best coliving in Gran Canaria backup generator battery power ups,Europe,Spain,Gran Canaria,backup generator battery power ups,Commercial Investigation,MOFU,580,18,Weak (Generic Booking / Stale Blogs),Very High (Booking Commission 10-15%),High (2026 Rates),Programmatic Directory Listing,Comparative City Hub Directory,Extremely High (100%),High,High,High,High,High (City specific),86.6
S2-0311,Gran Canaria workation spaces with backup generator battery power ups,Europe,Spain,Gran Canaria,backup generator battery power ups,Informational / Navigational,TOFU,593,23,Weak (Generic Booking / Stale Blogs),Very High (Booking Commission 10-15%),High (2026 Rates),Programmatic Directory Listing,Structured Property Profile,Extremely High (100%),High,High,High,Medium,High (City specific),81.3
S2-0312,Gran Canaria Spain remote work backup generator battery power ups,Europe,Spain,Gran Canaria,backup generator battery power ups,Informational / Navigational,TOFU,606,28,Weak (Generic Booking / Stale Blogs),Very High (Booking Commission 10-15%),High (2026 Rates),Programmatic Directory Listing,Structured Property Profile,Extremely High (100%),High,High,High,Medium,High (City specific),75.9
S2-0313,best coliving in Gran Canaria monthly private room rates cost,Europe,Spain,Gran Canaria,monthly private room rates cost,Transactional / Commercial,BOFU,619,33,Weak (Generic Booking / Stale Blogs),Very High (Booking Commission 10-15%),High (2026 Rates),Programmatic Directory Listing,Property Pricing & Booking Directory,Extremely High (100%),High,High,High,Very High,High (City specific),70.6
S2-0314,Gran Canaria workation spaces with monthly private room rates cost,Europe,Spain,Gran Canaria,monthly private room rates cost,Transactional / Commercial,BOFU,632,10,Weak (Generic Booking / Stale Blogs),Very High (Booking Commission 10-15%),High (2026 Rates),Programmatic Directory Listing,Property Pricing & Booking Directory,Extremely High (100%),High,High,High,Very High,High (City specific),96.0
S2-0315,Gran Canaria Spain remote work monthly private room rates cost,Europe,Spain,Gran Canaria,monthly private room rates cost,Transactional / Commercial,BOFU,645,15,Weak (Generic Booking / Stale Blogs),Very High (Booking Commission 10-15%),High (2026 Rates),Programmatic Directory Listing,Property Pricing & Booking Directory,Extremely High (100%),High,High,High,Very High,High (City specific),90.7
S2-0316,best coliving in Gran Canaria digital nomad visa requirements,Europe,Spain,Gran Canaria,digital nomad visa requirements,Commercial Investigation,MOFU,658,20,Weak (Generic Booking / Stale Blogs),Very High (Booking Commission 10-15%),High (2026 Rates),Programmatic Directory Listing,Comparative City Hub Directory,Extremely High (100%),High,High,High,High,High (City specific),85.3
S2-0317,Gran Canaria workation spaces with digital nomad visa requirements,Europe,Spain,Gran Canaria,digital nomad visa requirements,Informational / Navigational,TOFU,671,25,Weak (Generic Booking / Stale Blogs),Very High (Booking Commission 10-15%),High (2026 Rates),Programmatic Directory Listing,Structured Property Profile,Extremely High (100%),High,High,High,Medium,High (City specific),80.0
S2-0318,Gran Canaria Spain remote work digital nomad visa requirements,Europe,Spain,Gran Canaria,digital nomad visa requirements,Informational / Navigational,TOFU,684,30,Weak (Generic Booking / Stale Blogs),Very High (Booking Commission 10-15%),High (2026 Rates),Programmatic Directory Listing,Structured Property Profile,Extremely High (100%),High,High,High,Medium,High (City specific),74.6
S2-0319,best coliving in Gran Canaria quiet focused coworking spaces,Europe,Spain,Gran Canaria,quiet focused coworking spaces,Commercial Investigation,MOFU,697,35,Weak (Generic Booking / Stale Blogs),Very High (Booking Commission 10-15%),High (2026 Rates),Programmatic Directory Listing,Comparative City Hub Directory,Extremely High (100%),High,High,High,High,High (City specific),69.2
S2-0320,Gran Canaria workation spaces with quiet focused coworking spaces,Europe,Spain,Gran Canaria,quiet focused coworking spaces,Informational / Navigational,TOFU,710,12,Weak (Generic Booking / Stale Blogs),Very High (Booking Commission 10-15%),High (2026 Rates),Programmatic Directory Listing,Structured Property Profile,Extremely High (100%),High,High,High,Medium,High (City specific),94.7
S2-0321,Gran Canaria Spain remote work quiet focused coworking spaces,Europe,Spain,Gran Canaria,quiet focused coworking spaces,Informational / Navigational,TOFU,723,17,Weak (Generic Booking / Stale Blogs),Very High (Booking Commission 10-15%),High (2026 Rates),Programmatic Directory Listing,Structured Property Profile,Extremely High (100%),High,High,High,Medium,High (City specific),89.3
S2-0322,best coliving in Gran Canaria community coliving for remote developers,Europe,Spain,Gran Canaria,community coliving for remote developers,Commercial Investigation,MOFU,736,22,Weak (Generic Booking / Stale Blogs),Very High (Booking Commission 10-15%),High (2026 Rates),Programmatic Directory Listing,Comparative City Hub Directory,Extremely High (100%),High,High,High,High,High (City specific),84.0
S2-0323,Gran Canaria workation spaces with community coliving for remote developers,Europe,Spain,Gran Canaria,community coliving for remote developers,Informational / Navigational,TOFU,749,27,Weak (Generic Booking / Stale Blogs),Very High (Booking Commission 10-15%),High (2026 Rates),Programmatic Directory Listing,Structured Property Profile,Extremely High (100%),High,High,High,Medium,High (City specific),78.6
S2-0324,Gran Canaria Spain remote work community coliving for remote developers,Europe,Spain,Gran Canaria,community coliving for remote developers,Informational / Navigational,TOFU,762,32,Weak (Generic Booking / Stale Blogs),Very High (Booking Commission 10-15%),High (2026 Rates),Programmatic Directory Listing,Structured Property Profile,Extremely High (100%),High,High,High,Medium,High (City specific),73.3
S2-0325,best coliving in Gran Canaria walkability score nearby gyms cafes,Europe,Spain,Gran Canaria,walkability score nearby gyms cafes,Commercial Investigation,MOFU,775,9,Weak (Generic Booking / Stale Blogs),Very High (Booking Commission 10-15%),High (2026 Rates),Programmatic Directory Listing,Comparative City Hub Directory,Extremely High (100%),High,High,High,High,High (City specific),98.7
S2-0326,Gran Canaria workation spaces with walkability score nearby gyms cafes,Europe,Spain,Gran Canaria,walkability score nearby gyms cafes,Informational / Navigational,TOFU,788,14,Weak (Generic Booking / Stale Blogs),Very High (Booking Commission 10-15%),High (2026 Rates),Programmatic Directory Listing,Structured Property Profile,Extremely High (100%),High,High,High,Medium,High (City specific),93.4
S2-0327,Gran Canaria Spain remote work walkability score nearby gyms cafes,Europe,Spain,Gran Canaria,walkability score nearby gyms cafes,Informational / Navigational,TOFU,801,19,Weak (Generic Booking / Stale Blogs),Very High (Booking Commission 10-15%),High (2026 Rates),Programmatic Directory Listing,Structured Property Profile,Extremely High (100%),High,High,High,Medium,High (City specific),88.0
S2-0328,best coliving in Gran Canaria short term vs 30 day stay prices,Europe,Spain,Gran Canaria,short term vs 30 day stay prices,Transactional / Commercial,BOFU,814,24,Weak (Generic Booking / Stale Blogs),Very High (Booking Commission 10-15%),High (2026 Rates),Programmatic Directory Listing,Property Pricing & Booking Directory,Extremely High (100%),High,High,High,Very High,High (City specific),82.6
S2-0329,Gran Canaria workation spaces with short term vs 30 day stay prices,Europe,Spain,Gran Canaria,short term vs 30 day stay prices,Transactional / Commercial,BOFU,827,29,Weak (Generic Booking / Stale Blogs),Very High (Booking Commission 10-15%),High (2026 Rates),Programmatic Directory Listing,Property Pricing & Booking Directory,Extremely High (100%),High,High,High,Very High,High (City specific),77.3
S2-0330,Gran Canaria Spain remote work short term vs 30 day stay prices,Europe,Spain,Gran Canaria,short term vs 30 day stay prices,Transactional / Commercial,BOFU,840,34,Weak (Generic Booking / Stale Blogs),Very High (Booking Commission 10-15%),High (2026 Rates),Programmatic Directory Listing,Property Pricing & Booking Directory,Extremely High (100%),High,High,High,Very High,High (City specific),71.9
S2-0331,best coliving in Gran Canaria reliable internet speedtest review,Europe,Spain,Gran Canaria,reliable internet speedtest review,Commercial Investigation,MOFU,853,11,Weak (Generic Booking / Stale Blogs),Very High (Booking Commission 10-15%),High (2026 Rates),Programmatic Directory Listing,Comparative City Hub Directory,Extremely High (100%),High,High,High,High,High (City specific),97.4
S2-0332,Gran Canaria workation spaces with reliable internet speedtest review,Europe,Spain,Gran Canaria,reliable internet speedtest review,Informational / Navigational,TOFU,866,16,Weak (Generic Booking / Stale Blogs),Very High (Booking Commission 10-15%),High (2026 Rates),Programmatic Directory Listing,Structured Property Profile,Extremely High (100%),High,High,High,Medium,High (City specific),92.0
S2-0333,Gran Canaria Spain remote work reliable internet speedtest review,Europe,Spain,Gran Canaria,reliable internet speedtest review,Informational / Navigational,TOFU,879,21,Weak (Generic Booking / Stale Blogs),Very High (Booking Commission 10-15%),High (2026 Rates),Programmatic Directory Listing,Structured Property Profile,Extremely High (100%),High,High,High,Medium,High (City specific),86.7
S2-0334,best coliving in Gran Canaria best neighborhoods for remote work,Europe,Spain,Gran Canaria,best neighborhoods for remote work,Commercial Investigation,MOFU,892,26,Weak (Generic Booking / Stale Blogs),Very High (Booking Commission 10-15%),High (2026 Rates),Programmatic Directory Listing,Comparative City Hub Directory,Extremely High (100%),High,High,High,High,High (City specific),81.3
S2-0335,Gran Canaria workation spaces with best neighborhoods for remote work,Europe,Spain,Gran Canaria,best neighborhoods for remote work,Commercial Investigation,MOFU,905,31,Weak (Generic Booking / Stale Blogs),Very High (Booking Commission 10-15%),High (2026 Rates),Programmatic Directory Listing,Comparative City Hub Directory,Extremely High (100%),High,High,High,High,High (City specific),76.0
S2-0336,Gran Canaria Spain remote work best neighborhoods for remote work,Europe,Spain,Gran Canaria,best neighborhoods for remote work,Commercial Investigation,MOFU,918,8,Weak (Generic Booking / Stale Blogs),Very High (Booking Commission 10-15%),High (2026 Rates),Programmatic Directory Listing,Comparative City Hub Directory,Extremely High (100%),High,High,High,High,High (City specific),99.0
S2-0337,best coliving in Gran Canaria tax residency and stay limits,Europe,Spain,Gran Canaria,tax residency and stay limits,Commercial Investigation,MOFU,931,13,Weak (Generic Booking / Stale Blogs),Very High (Booking Commission 10-15%),High (2026 Rates),Programmatic Directory Listing,Comparative City Hub Directory,Extremely High (100%),High,High,High,High,High (City specific),96.0
S2-0338,Gran Canaria workation spaces with tax residency and stay limits,Europe,Spain,Gran Canaria,tax residency and stay limits,Informational / Navigational,TOFU,944,18,Weak (Generic Booking / Stale Blogs),Very High (Booking Commission 10-15%),High (2026 Rates),Programmatic Directory Listing,Structured Property Profile,Extremely High (100%),High,High,High,Medium,High (City specific),90.7
S2-0339,Gran Canaria Spain remote work tax residency and stay limits,Europe,Spain,Gran Canaria,tax residency and stay limits,Informational / Navigational,TOFU,957,23,Weak (Generic Booking / Stale Blogs),Very High (Booking Commission 10-15%),High (2026 Rates),Programmatic Directory Listing,Structured Property Profile,Extremely High (100%),High,High,High,Medium,High (City specific),85.3
S2-0340,best coliving in Gran Canaria dual isp internet redundancy,Europe,Spain,Gran Canaria,dual isp internet redundancy,Commercial Investigation,MOFU,970,28,Weak (Generic Booking / Stale Blogs),Very High (Booking Commission 10-15%),High (2026 Rates),Programmatic Directory Listing,Comparative City Hub Directory,Extremely High (100%),High,High,High,High,High (City specific),80.0
S2-0341,Gran Canaria workation spaces with dual isp internet redundancy,Europe,Spain,Gran Canaria,dual isp internet redundancy,Informational / Navigational,TOFU,983,33,Weak (Generic Booking / Stale Blogs),Very High (Booking Commission 10-15%),High (2026 Rates),Programmatic Directory Listing,Structured Property Profile,Extremely High (100%),High,High,High,Medium,High (City specific),74.6
S2-0342,Gran Canaria Spain remote work dual isp internet redundancy,Europe,Spain,Gran Canaria,dual isp internet redundancy,Informational / Navigational,TOFU,996,10,Weak (Generic Booking / Stale Blogs),Very High (Booking Commission 10-15%),High (2026 Rates),Programmatic Directory Listing,Structured Property Profile,Extremely High (100%),High,High,High,Medium,High (City specific),99.0
S2-0343,best coliving in Gran Canaria coliving with swimming pool and gym,Europe,Spain,Gran Canaria,coliving with swimming pool and gym,Commercial Investigation,MOFU,1009,15,Weak (Generic Booking / Stale Blogs),Very High (Booking Commission 10-15%),High (2026 Rates),Programmatic Directory Listing,Comparative City Hub Directory,Extremely High (100%),High,High,High,High,High (City specific),94.7
S2-0344,Gran Canaria workation spaces with coliving with swimming pool and gym,Europe,Spain,Gran Canaria,coliving with swimming pool and gym,Informational / Navigational,TOFU,1022,20,Weak (Generic Booking / Stale Blogs),Very High (Booking Commission 10-15%),High (2026 Rates),Programmatic Directory Listing,Structured Property Profile,Extremely High (100%),High,High,High,Medium,High (City specific),89.4
S2-0345,Gran Canaria Spain remote work coliving with swimming pool and gym,Europe,Spain,Gran Canaria,coliving with swimming pool and gym,Informational / Navigational,TOFU,1035,25,Weak (Generic Booking / Stale Blogs),Very High (Booking Commission 10-15%),High (2026 Rates),Programmatic Directory Listing,Structured Property Profile,Extremely High (100%),High,High,High,Medium,High (City specific),84.0
S2-0346,best coliving in Gran Canaria dog friendly workation properties,Europe,Spain,Gran Canaria,dog friendly workation properties,Commercial Investigation,MOFU,1048,30,Weak (Generic Booking / Stale Blogs),Very High (Booking Commission 10-15%),High (2026 Rates),Programmatic Directory Listing,Comparative City Hub Directory,Extremely High (100%),High,High,High,High,High (City specific),78.6
S2-0347,Gran Canaria workation spaces with dog friendly workation properties,Europe,Spain,Gran Canaria,dog friendly workation properties,Informational / Navigational,TOFU,1061,35,Weak (Generic Booking / Stale Blogs),Very High (Booking Commission 10-15%),High (2026 Rates),Programmatic Directory Listing,Structured Property Profile,Extremely High (100%),High,High,High,Medium,High (City specific),73.3
S2-0348,Gran Canaria Spain remote work dog friendly workation properties,Europe,Spain,Gran Canaria,dog friendly workation properties,Informational / Navigational,TOFU,1074,12,Weak (Generic Booking / Stale Blogs),Very High (Booking Commission 10-15%),High (2026 Rates),Programmatic Directory Listing,Structured Property Profile,Extremely High (100%),High,High,High,Medium,High (City specific),98.7
S2-0349,best coliving in Gran Canaria workation retreats for distributed teams,Europe,Spain,Gran Canaria,workation retreats for distributed teams,Commercial Investigation,MOFU,1087,17,Weak (Generic Booking / Stale Blogs),Very High (Booking Commission 10-15%),High (2026 Rates),Programmatic Directory Listing,Comparative City Hub Directory,Extremely High (100%),High,High,High,High,High (City specific),93.4
S2-0350,Gran Canaria workation spaces with workation retreats for distributed teams,Europe,Spain,Gran Canaria,workation retreats for distributed teams,Informational / Navigational,TOFU,1100,22,Weak (Generic Booking / Stale Blogs),Very High (Booking Commission 10-15%),High (2026 Rates),Programmatic Directory Listing,Structured Property Profile,Extremely High (100%),High,High,High,Medium,High (City specific),88.0
S2-0351,Gran Canaria Spain remote work workation retreats for distributed teams,Europe,Spain,Gran Canaria,workation retreats for distributed teams,Informational / Navigational,TOFU,1113,27,Weak (Generic Booking / Stale Blogs),Very High (Booking Commission 10-15%),High (2026 Rates),Programmatic Directory Listing,Structured Property Profile,Extremely High (100%),High,High,High,Medium,High (City specific),82.7
S2-0352,best coliving in Gran Canaria budget friendly coliving under 1000,Europe,Spain,Gran Canaria,budget friendly coliving under 1000,Commercial Investigation,MOFU,1126,32,Weak (Generic Booking / Stale Blogs),Very High (Booking Commission 10-15%),High (2026 Rates),Programmatic Directory Listing,Comparative City Hub Directory,Extremely High (100%),High,High,High,High,High (City specific),77.3
S2-0353,Gran Canaria workation spaces with budget friendly coliving under 1000,Europe,Spain,Gran Canaria,budget friendly coliving under 1000,Informational / Navigational,TOFU,1139,9,Weak (Generic Booking / Stale Blogs),Very High (Booking Commission 10-15%),High (2026 Rates),Programmatic Directory Listing,Structured Property Profile,Extremely High (100%),High,High,High,Medium,High (City specific),99.0
S2-0354,Gran Canaria Spain remote work budget friendly coliving under 1000,Europe,Spain,Gran Canaria,budget friendly coliving under 1000,Informational / Navigational,TOFU,1152,14,Weak (Generic Booking / Stale Blogs),Very High (Booking Commission 10-15%),High (2026 Rates),Programmatic Directory Listing,Structured Property Profile,Extremely High (100%),High,High,High,Medium,High (City specific),97.4
S2-0355,best coliving in Gran Canaria luxury executive workation apartments,Europe,Spain,Gran Canaria,luxury executive workation apartments,Commercial Investigation,MOFU,1165,19,Weak (Generic Booking / Stale Blogs),Very High (Booking Commission 10-15%),High (2026 Rates),Programmatic Directory Listing,Comparative City Hub Directory,Extremely High (100%),High,High,High,High,High (City specific),92.0
S2-0356,Gran Canaria workation spaces with luxury executive workation apartments,Europe,Spain,Gran Canaria,luxury executive workation apartments,Informational / Navigational,TOFU,1178,24,Weak (Generic Booking / Stale Blogs),Very High (Booking Commission 10-15%),High (2026 Rates),Programmatic Directory Listing,Structured Property Profile,Extremely High (100%),High,High,High,Medium,High (City specific),86.7
S2-0357,Gran Canaria Spain remote work luxury executive workation apartments,Europe,Spain,Gran Canaria,luxury executive workation apartments,Informational / Navigational,TOFU,1191,29,Weak (Generic Booking / Stale Blogs),Very High (Booking Commission 10-15%),High (2026 Rates),Programmatic Directory Listing,Structured Property Profile,Extremely High (100%),High,High,High,Medium,High (City specific),81.3
S2-0358,best coliving in Gran Canaria coliving with private ensuite bathroom,Europe,Spain,Gran Canaria,coliving with private ensuite bathroom,Commercial Investigation,MOFU,1204,34,Weak (Generic Booking / Stale Blogs),Very High (Booking Commission 10-15%),High (2026 Rates),Programmatic Directory Listing,Comparative City Hub Directory,Extremely High (100%),High,High,High,High,High (City specific),76.0
S2-0359,Gran Canaria workation spaces with coliving with private ensuite bathroom,Europe,Spain,Gran Canaria,coliving with private ensuite bathroom,Informational / Navigational,TOFU,1217,11,Weak (Generic Booking / Stale Blogs),Very High (Booking Commission 10-15%),High (2026 Rates),Programmatic Directory Listing,Structured Property Profile,Extremely High (100%),High,High,High,Medium,High (City specific),99.0
S2-0360,Gran Canaria Spain remote work coliving with private ensuite bathroom,Europe,Spain,Gran Canaria,coliving with private ensuite bathroom,Informational / Navigational,TOFU,1230,16,Weak (Generic Booking / Stale Blogs),Very High (Booking Commission 10-15%),High (2026 Rates),Programmatic Directory Listing,Structured Property Profile,Extremely High (100%),High,High,High,Medium,High (City specific),96.1
S2-0361,best coliving in Tenerife verified high speed fiber wifi,Europe,Spain,Tenerife,verified high speed fiber wifi,Commercial Investigation,MOFU,1243,21,Weak (Generic Booking / Stale Blogs),Very High (Booking Commission 10-15%),High (2026 Rates),Programmatic Directory Listing,Comparative City Hub Directory,Extremely High (100%),High,High,High,High,High (City specific),90.7
S2-0362,Tenerife workation spaces with verified high speed fiber wifi,Europe,Spain,Tenerife,verified high speed fiber wifi,Informational / Navigational,TOFU,1256,26,Weak (Generic Booking / Stale Blogs),Very High (Booking Commission 10-15%),High (2026 Rates),Programmatic Directory Listing,Structured Property Profile,Extremely High (100%),High,High,High,Medium,High (City specific),85.4
S2-0363,Tenerife Spain remote work verified high speed fiber wifi,Europe,Spain,Tenerife,verified high speed fiber wifi,Informational / Navigational,TOFU,1269,31,Weak (Generic Booking / Stale Blogs),Very High (Booking Commission 10-15%),High (2026 Rates),Programmatic Directory Listing,Structured Property Profile,Extremely High (100%),High,High,High,Medium,High (City specific),80.0
S2-0364,best coliving in Tenerife ergonomic chairs standing desks,Europe,Spain,Tenerife,ergonomic chairs standing desks,Commercial Investigation,MOFU,1282,8,Weak (Generic Booking / Stale Blogs),Very High (Booking Commission 10-15%),High (2026 Rates),Programmatic Directory Listing,Comparative City Hub Directory,Extremely High (100%),High,High,High,High,High (City specific),99.0
S2-0365,Tenerife workation spaces with ergonomic chairs standing desks,Europe,Spain,Tenerife,ergonomic chairs standing desks,Informational / Navigational,TOFU,1295,13,Weak (Generic Booking / Stale Blogs),Very High (Booking Commission 10-15%),High (2026 Rates),Programmatic Directory Listing,Structured Property Profile,Extremely High (100%),High,High,High,Medium,High (City specific),99.0
S2-0366,Tenerife Spain remote work ergonomic chairs standing desks,Europe,Spain,Tenerife,ergonomic chairs standing desks,Informational / Navigational,TOFU,1308,18,Weak (Generic Booking / Stale Blogs),Very High (Booking Commission 10-15%),High (2026 Rates),Programmatic Directory Listing,Structured Property Profile,Extremely High (100%),High,High,High,Medium,High (City specific),94.7
S2-0367,best coliving in Tenerife private soundproof phone call booths,Europe,Spain,Tenerife,private soundproof phone call booths,Commercial Investigation,MOFU,1321,23,Weak (Generic Booking / Stale Blogs),Very High (Booking Commission 10-15%),High (2026 Rates),Programmatic Directory Listing,Comparative City Hub Directory,Extremely High (100%),High,High,High,High,High (City specific),89.4
S2-0368,Tenerife workation spaces with private soundproof phone call booths,Europe,Spain,Tenerife,private soundproof phone call booths,Informational / Navigational,TOFU,1334,28,Weak (Generic Booking / Stale Blogs),Very High (Booking Commission 10-15%),High (2026 Rates),Programmatic Directory Listing,Structured Property Profile,Extremely High (100%),High,High,High,Medium,High (City specific),84.0
S2-0369,Tenerife Spain remote work private soundproof phone call booths,Europe,Spain,Tenerife,private soundproof phone call booths,Informational / Navigational,TOFU,1347,33,Weak (Generic Booking / Stale Blogs),Very High (Booking Commission 10-15%),High (2026 Rates),Programmatic Directory Listing,Structured Property Profile,Extremely High (100%),High,High,High,Medium,High (City specific),78.7
S2-0370,best coliving in Tenerife backup generator battery power ups,Europe,Spain,Tenerife,backup generator battery power ups,Commercial Investigation,MOFU,1360,10,Weak (Generic Booking / Stale Blogs),Very High (Booking Commission 10-15%),High (2026 Rates),Programmatic Directory Listing,Comparative City Hub Directory,Extremely High (100%),High,High,High,High,High (City specific),99.0
S2-0371,Tenerife workation spaces with backup generator battery power ups,Europe,Spain,Tenerife,backup generator battery power ups,Informational / Navigational,TOFU,1373,15,Weak (Generic Booking / Stale Blogs),Very High (Booking Commission 10-15%),High (2026 Rates),Programmatic Directory Listing,Structured Property Profile,Extremely High (100%),High,High,High,Medium,High (City specific),98.8
S2-0372,Tenerife Spain remote work backup generator battery power ups,Europe,Spain,Tenerife,backup generator battery power ups,Informational / Navigational,TOFU,1386,20,Weak (Generic Booking / Stale Blogs),Very High (Booking Commission 10-15%),High (2026 Rates),Programmatic Directory Listing,Structured Property Profile,Extremely High (100%),High,High,High,Medium,High (City specific),93.4
S2-0373,best coliving in Tenerife monthly private room rates cost,Europe,Spain,Tenerife,monthly private room rates cost,Transactional / Commercial,BOFU,1399,25,Weak (Generic Booking / Stale Blogs),Very High (Booking Commission 10-15%),High (2026 Rates),Programmatic Directory Listing,Property Pricing & Booking Directory,Extremely High (100%),High,High,High,Very High,High (City specific),88.0
S2-0374,Tenerife workation spaces with monthly private room rates cost,Europe,Spain,Tenerife,monthly private room rates cost,Transactional / Commercial,BOFU,1412,30,Weak (Generic Booking / Stale Blogs),Very High (Booking Commission 10-15%),High (2026 Rates),Programmatic Directory Listing,Property Pricing & Booking Directory,Extremely High (100%),High,High,High,Very High,High (City specific),82.7
S2-0375,Tenerife Spain remote work monthly private room rates cost,Europe,Spain,Tenerife,monthly private room rates cost,Transactional / Commercial,BOFU,1425,35,Weak (Generic Booking / Stale Blogs),Very High (Booking Commission 10-15%),High (2026 Rates),Programmatic Directory Listing,Property Pricing & Booking Directory,Extremely High (100%),High,High,High,Very High,High (City specific),77.3
S2-0376,best coliving in Tenerife digital nomad visa requirements,Europe,Spain,Tenerife,digital nomad visa requirements,Commercial Investigation,MOFU,1438,12,Weak (Generic Booking / Stale Blogs),Very High (Booking Commission 10-15%),High (2026 Rates),Programmatic Directory Listing,Comparative City Hub Directory,Extremely High (100%),High,High,High,High,High (City specific),99.0
S2-0377,Tenerife workation spaces with digital nomad visa requirements,Europe,Spain,Tenerife,digital nomad visa requirements,Informational / Navigational,TOFU,1451,17,Weak (Generic Booking / Stale Blogs),Very High (Booking Commission 10-15%),High (2026 Rates),Programmatic Directory Listing,Structured Property Profile,Extremely High (100%),High,High,High,Medium,High (City specific),97.4
S2-0378,Tenerife Spain remote work digital nomad visa requirements,Europe,Spain,Tenerife,digital nomad visa requirements,Informational / Navigational,TOFU,1464,22,Weak (Generic Booking / Stale Blogs),Very High (Booking Commission 10-15%),High (2026 Rates),Programmatic Directory Listing,Structured Property Profile,Extremely High (100%),High,High,High,Medium,High (City specific),92.1
S2-0379,best coliving in Tenerife quiet focused coworking spaces,Europe,Spain,Tenerife,quiet focused coworking spaces,Commercial Investigation,MOFU,1477,27,Weak (Generic Booking / Stale Blogs),Very High (Booking Commission 10-15%),High (2026 Rates),Programmatic Directory Listing,Comparative City Hub Directory,Extremely High (100%),High,High,High,High,High (City specific),86.7
S2-0380,Tenerife workation spaces with quiet focused coworking spaces,Europe,Spain,Tenerife,quiet focused coworking spaces,Informational / Navigational,TOFU,1490,32,Weak (Generic Booking / Stale Blogs),Very High (Booking Commission 10-15%),High (2026 Rates),Programmatic Directory Listing,Structured Property Profile,Extremely High (100%),High,High,High,Medium,High (City specific),81.4
S2-0381,Tenerife Spain remote work quiet focused coworking spaces,Europe,Spain,Tenerife,quiet focused coworking spaces,Informational / Navigational,TOFU,1503,9,Weak (Generic Booking / Stale Blogs),Very High (Booking Commission 10-15%),High (2026 Rates),Programmatic Directory Listing,Structured Property Profile,Extremely High (100%),High,High,High,Medium,High (City specific),99.0
S2-0382,best coliving in Tenerife community coliving for remote developers,Europe,Spain,Tenerife,community coliving for remote developers,Commercial Investigation,MOFU,1516,14,Weak (Generic Booking / Stale Blogs),Very High (Booking Commission 10-15%),High (2026 Rates),Programmatic Directory Listing,Comparative City Hub Directory,Extremely High (100%),High,High,High,High,High (City specific),99.0
S2-0383,Tenerife workation spaces with community coliving for remote developers,Europe,Spain,Tenerife,community coliving for remote developers,Informational / Navigational,TOFU,1529,19,Weak (Generic Booking / Stale Blogs),Very High (Booking Commission 10-15%),High (2026 Rates),Programmatic Directory Listing,Structured Property Profile,Extremely High (100%),High,High,High,Medium,High (City specific),96.1
S2-0384,Tenerife Spain remote work community coliving for remote developers,Europe,Spain,Tenerife,community coliving for remote developers,Informational / Navigational,TOFU,1542,24,Weak (Generic Booking / Stale Blogs),Very High (Booking Commission 10-15%),High (2026 Rates),Programmatic Directory Listing,Structured Property Profile,Extremely High (100%),High,High,High,Medium,High (City specific),90.7
S2-0385,best coliving in Tenerife walkability score nearby gyms cafes,Europe,Spain,Tenerife,walkability score nearby gyms cafes,Commercial Investigation,MOFU,1555,29,Weak (Generic Booking / Stale Blogs),Very High (Booking Commission 10-15%),High (2026 Rates),Programmatic Directory Listing,Comparative City Hub Directory,Extremely High (100%),High,High,High,High,High (City specific),85.4
S2-0386,Tenerife workation spaces with walkability score nearby gyms cafes,Europe,Spain,Tenerife,walkability score nearby gyms cafes,Informational / Navigational,TOFU,1568,34,Weak (Generic Booking / Stale Blogs),Very High (Booking Commission 10-15%),High (2026 Rates),Programmatic Directory Listing,Structured Property Profile,Extremely High (100%),High,High,High,Medium,High (City specific),80.0
S2-0387,Tenerife Spain remote work walkability score nearby gyms cafes,Europe,Spain,Tenerife,walkability score nearby gyms cafes,Informational / Navigational,TOFU,1581,11,Weak (Generic Booking / Stale Blogs),Very High (Booking Commission 10-15%),High (2026 Rates),Programmatic Directory Listing,Structured Property Profile,Extremely High (100%),High,High,High,Medium,High (City specific),99.0
S2-0388,best coliving in Tenerife short term vs 30 day stay prices,Europe,Spain,Tenerife,short term vs 30 day stay prices,Transactional / Commercial,BOFU,1594,16,Weak (Generic Booking / Stale Blogs),Very High (Booking Commission 10-15%),High (2026 Rates),Programmatic Directory Listing,Property Pricing & Booking Directory,Extremely High (100%),High,High,High,Very High,High (City specific),99.0
S2-0389,Tenerife workation spaces with short term vs 30 day stay prices,Europe,Spain,Tenerife,short term vs 30 day stay prices,Transactional / Commercial,BOFU,1607,21,Weak (Generic Booking / Stale Blogs),Very High (Booking Commission 10-15%),High (2026 Rates),Programmatic Directory Listing,Property Pricing & Booking Directory,Extremely High (100%),High,High,High,Very High,High (City specific),94.8
S2-0390,Tenerife Spain remote work short term vs 30 day stay prices,Europe,Spain,Tenerife,short term vs 30 day stay prices,Transactional / Commercial,BOFU,1620,26,Weak (Generic Booking / Stale Blogs),Very High (Booking Commission 10-15%),High (2026 Rates),Programmatic Directory Listing,Property Pricing & Booking Directory,Extremely High (100%),High,High,High,Very High,High (City specific),89.4
S2-0391,best coliving in Tenerife reliable internet speedtest review,Europe,Spain,Tenerife,reliable internet speedtest review,Commercial Investigation,MOFU,1633,31,Weak (Generic Booking / Stale Blogs),Very High (Booking Commission 10-15%),High (2026 Rates),Programmatic Directory Listing,Comparative City Hub Directory,Extremely High (100%),High,High,High,High,High (City specific),84.0
S2-0392,Tenerife workation spaces with reliable internet speedtest review,Europe,Spain,Tenerife,reliable internet speedtest review,Informational / Navigational,TOFU,1646,8,Weak (Generic Booking / Stale Blogs),Very High (Booking Commission 10-15%),High (2026 Rates),Programmatic Directory Listing,Structured Property Profile,Extremely High (100%),High,High,High,Medium,High (City specific),99.0
S2-0393,Tenerife Spain remote work reliable internet speedtest review,Europe,Spain,Tenerife,reliable internet speedtest review,Informational / Navigational,TOFU,1659,13,Weak (Generic Booking / Stale Blogs),Very High (Booking Commission 10-15%),High (2026 Rates),Programmatic Directory Listing,Structured Property Profile,Extremely High (100%),High,High,High,Medium,High (City specific),99.0
S2-0394,best coliving in Tenerife best neighborhoods for remote work,Europe,Spain,Tenerife,best neighborhoods for remote work,Commercial Investigation,MOFU,1672,18,Weak (Generic Booking / Stale Blogs),Very High (Booking Commission 10-15%),High (2026 Rates),Programmatic Directory Listing,Comparative City Hub Directory,Extremely High (100%),High,High,High,High,High (City specific),98.8
S2-0395,Tenerife workation spaces with best neighborhoods for remote work,Europe,Spain,Tenerife,best neighborhoods for remote work,Commercial Investigation,MOFU,1685,23,Weak (Generic Booking / Stale Blogs),Very High (Booking Commission 10-15%),High (2026 Rates),Programmatic Directory Listing,Comparative City Hub Directory,Extremely High (100%),High,High,High,High,High (City specific),93.4
S2-0396,Tenerife Spain remote work best neighborhoods for remote work,Europe,Spain,Tenerife,best neighborhoods for remote work,Commercial Investigation,MOFU,1698,28,Weak (Generic Booking / Stale Blogs),Very High (Booking Commission 10-15%),High (2026 Rates),Programmatic Directory Listing,Comparative City Hub Directory,Extremely High (100%),High,High,High,High,High (City specific),88.1
S2-0397,best coliving in Tenerife tax residency and stay limits,Europe,Spain,Tenerife,tax residency and stay limits,Commercial Investigation,MOFU,1711,33,Weak (Generic Booking / Stale Blogs),Very High (Booking Commission 10-15%),High (2026 Rates),Programmatic Directory Listing,Comparative City Hub Directory,Extremely High (100%),High,High,High,High,High (City specific),82.7
S2-0398,Tenerife workation spaces with tax residency and stay limits,Europe,Spain,Tenerife,tax residency and stay limits,Informational / Navigational,TOFU,1724,10,Weak (Generic Booking / Stale Blogs),Very High (Booking Commission 10-15%),High (2026 Rates),Programmatic Directory Listing,Structured Property Profile,Extremely High (100%),High,High,High,Medium,High (City specific),99.0
S2-0399,Tenerife Spain remote work tax residency and stay limits,Europe,Spain,Tenerife,tax residency and stay limits,Informational / Navigational,TOFU,1737,15,Weak (Generic Booking / Stale Blogs),Very High (Booking Commission 10-15%),High (2026 Rates),Programmatic Directory Listing,Structured Property Profile,Extremely High (100%),High,High,High,Medium,High (City specific),99.0
S2-0400,best coliving in Tenerife dual isp internet redundancy,Europe,Spain,Tenerife,dual isp internet redundancy,Commercial Investigation,MOFU,1750,20,Weak (Generic Booking / Stale Blogs),Very High (Booking Commission 10-15%),High (2026 Rates),Programmatic Directory Listing,Comparative City Hub Directory,Extremely High (100%),High,High,High,High,High (City specific),97.4
S2-0401,Tenerife workation spaces with dual isp internet redundancy,Europe,Spain,Tenerife,dual isp internet redundancy,Informational / Navigational,TOFU,1763,25,Weak (Generic Booking / Stale Blogs),Very High (Booking Commission 10-15%),High (2026 Rates),Programmatic Directory Listing,Structured Property Profile,Extremely High (100%),High,High,High,Medium,High (City specific),92.1
S2-0402,Tenerife Spain remote work dual isp internet redundancy,Europe,Spain,Tenerife,dual isp internet redundancy,Informational / Navigational,TOFU,1776,30,Weak (Generic Booking / Stale Blogs),Very High (Booking Commission 10-15%),High (2026 Rates),Programmatic Directory Listing,Structured Property Profile,Extremely High (100%),High,High,High,Medium,High (City specific),86.7
S2-0403,best coliving in Tenerife coliving with swimming pool and gym,Europe,Spain,Tenerife,coliving with swimming pool and gym,Commercial Investigation,MOFU,1789,35,Weak (Generic Booking / Stale Blogs),Very High (Booking Commission 10-15%),High (2026 Rates),Programmatic Directory Listing,Comparative City Hub Directory,Extremely High (100%),High,High,High,High,High (City specific),81.4
S2-0404,Tenerife workation spaces with coliving with swimming pool and gym,Europe,Spain,Tenerife,coliving with swimming pool and gym,Informational / Navigational,TOFU,1802,12,Weak (Generic Booking / Stale Blogs),Very High (Booking Commission 10-15%),High (2026 Rates),Programmatic Directory Listing,Structured Property Profile,Extremely High (100%),High,High,High,Medium,High (City specific),99.0
S2-0405,Tenerife Spain remote work coliving with swimming pool and gym,Europe,Spain,Tenerife,coliving with swimming pool and gym,Informational / Navigational,TOFU,1815,17,Weak (Generic Booking / Stale Blogs),Very High (Booking Commission 10-15%),High (2026 Rates),Programmatic Directory Listing,Structured Property Profile,Extremely High (100%),High,High,High,Medium,High (City specific),99.0
S2-0406,best coliving in Tenerife dog friendly workation properties,Europe,Spain,Tenerife,dog friendly workation properties,Commercial Investigation,MOFU,1828,22,Weak (Generic Booking / Stale Blogs),Very High (Booking Commission 10-15%),High (2026 Rates),Programmatic Directory Listing,Comparative City Hub Directory,Extremely High (100%),High,High,High,High,High (City specific),96.1
S2-0407,Tenerife workation spaces with dog friendly workation properties,Europe,Spain,Tenerife,dog friendly workation properties,Informational / Navigational,TOFU,1841,27,Weak (Generic Booking / Stale Blogs),Very High (Booking Commission 10-15%),High (2026 Rates),Programmatic Directory Listing,Structured Property Profile,Extremely High (100%),High,High,High,Medium,High (City specific),90.8
S2-0408,Tenerife Spain remote work dog friendly workation properties,Europe,Spain,Tenerife,dog friendly workation properties,Informational / Navigational,TOFU,1854,32,Weak (Generic Booking / Stale Blogs),Very High (Booking Commission 10-15%),High (2026 Rates),Programmatic Directory Listing,Structured Property Profile,Extremely High (100%),High,High,High,Medium,High (City specific),85.4
S2-0409,best coliving in Tenerife workation retreats for distributed teams,Europe,Spain,Tenerife,workation retreats for distributed teams,Commercial Investigation,MOFU,1867,9,Weak (Generic Booking / Stale Blogs),Very High (Booking Commission 10-15%),High (2026 Rates),Programmatic Directory Listing,Comparative City Hub Directory,Extremely High (100%),High,High,High,High,High (City specific),99.0
S2-0410,Tenerife workation spaces with workation retreats for distributed teams,Europe,Spain,Tenerife,workation retreats for distributed teams,Informational / Navigational,TOFU,1880,14,Weak (Generic Booking / Stale Blogs),Very High (Booking Commission 10-15%),High (2026 Rates),Programmatic Directory Listing,Structured Property Profile,Extremely High (100%),High,High,High,Medium,High (City specific),99.0
S2-0411,Tenerife Spain remote work workation retreats for distributed teams,Europe,Spain,Tenerife,workation retreats for distributed teams,Informational / Navigational,TOFU,1893,19,Weak (Generic Booking / Stale Blogs),Very High (Booking Commission 10-15%),High (2026 Rates),Programmatic Directory Listing,Structured Property Profile,Extremely High (100%),High,High,High,Medium,High (City specific),99.0
S2-0412,best coliving in Tenerife budget friendly coliving under 1000,Europe,Spain,Tenerife,budget friendly coliving under 1000,Commercial Investigation,MOFU,1906,24,Weak (Generic Booking / Stale Blogs),Very High (Booking Commission 10-15%),High (2026 Rates),Programmatic Directory Listing,Comparative City Hub Directory,Extremely High (100%),High,High,High,High,High (City specific),94.8
S2-0413,Tenerife workation spaces with budget friendly coliving under 1000,Europe,Spain,Tenerife,budget friendly coliving under 1000,Informational / Navigational,TOFU,1919,29,Weak (Generic Booking / Stale Blogs),Very High (Booking Commission 10-15%),High (2026 Rates),Programmatic Directory Listing,Structured Property Profile,Extremely High (100%),High,High,High,Medium,High (City specific),89.4
S2-0414,Tenerife Spain remote work budget friendly coliving under 1000,Europe,Spain,Tenerife,budget friendly coliving under 1000,Informational / Navigational,TOFU,1932,34,Weak (Generic Booking / Stale Blogs),Very High (Booking Commission 10-15%),High (2026 Rates),Programmatic Directory Listing,Structured Property Profile,Extremely High (100%),High,High,High,Medium,High (City specific),84.1
S2-0415,best coliving in Tenerife luxury executive workation apartments,Europe,Spain,Tenerife,luxury executive workation apartments,Commercial Investigation,MOFU,1945,11,Weak (Generic Booking / Stale Blogs),Very High (Booking Commission 10-15%),High (2026 Rates),Programmatic Directory Listing,Comparative City Hub Directory,Extremely High (100%),High,High,High,High,High (City specific),99.0
S2-0416,Tenerife workation spaces with luxury executive workation apartments,Europe,Spain,Tenerife,luxury executive workation apartments,Informational / Navigational,TOFU,158,16,Weak (Generic Booking / Stale Blogs),Very High (Booking Commission 10-15%),High (2026 Rates),Programmatic Directory Listing,Structured Property Profile,Extremely High (100%),High,High,High,Medium,High (City specific),84.2
S2-0417,Tenerife Spain remote work luxury executive workation apartments,Europe,Spain,Tenerife,luxury executive workation apartments,Informational / Navigational,TOFU,171,21,Weak (Generic Booking / Stale Blogs),Very High (Booking Commission 10-15%),High (2026 Rates),Programmatic Directory Listing,Structured Property Profile,Extremely High (100%),High,High,High,Medium,High (City specific),78.8
S2-0418,best coliving in Tenerife coliving with private ensuite bathroom,Europe,Spain,Tenerife,coliving with private ensuite bathroom,Commercial Investigation,MOFU,184,26,Weak (Generic Booking / Stale Blogs),Very High (Booking Commission 10-15%),High (2026 Rates),Programmatic Directory Listing,Comparative City Hub Directory,Extremely High (100%),High,High,High,High,High (City specific),73.4
S2-0419,Tenerife workation spaces with coliving with private ensuite bathroom,Europe,Spain,Tenerife,coliving with private ensuite bathroom,Informational / Navigational,TOFU,197,31,Weak (Generic Booking / Stale Blogs),Very High (Booking Commission 10-15%),High (2026 Rates),Programmatic Directory Listing,Structured Property Profile,Extremely High (100%),High,High,High,Medium,High (City specific),68.1
S2-0420,Tenerife Spain remote work coliving with private ensuite bathroom,Europe,Spain,Tenerife,coliving with private ensuite bathroom,Informational / Navigational,TOFU,210,8,Weak (Generic Booking / Stale Blogs),Very High (Booking Commission 10-15%),High (2026 Rates),Programmatic Directory Listing,Structured Property Profile,Extremely High (100%),High,High,High,Medium,High (City specific),93.5
S2-0421,best coliving in Barcelona verified high speed fiber wifi,Europe,Spain,Barcelona,verified high speed fiber wifi,Commercial Investigation,MOFU,223,13,Weak (Generic Booking / Stale Blogs),Very High (Booking Commission 10-15%),High (2026 Rates),Programmatic Directory Listing,Comparative City Hub Directory,Extremely High (100%),High,High,High,High,High (City specific),88.2
S2-0422,Barcelona workation spaces with verified high speed fiber wifi,Europe,Spain,Barcelona,verified high speed fiber wifi,Informational / Navigational,TOFU,236,18,Weak (Generic Booking / Stale Blogs),Very High (Booking Commission 10-15%),High (2026 Rates),Programmatic Directory Listing,Structured Property Profile,Extremely High (100%),High,High,High,Medium,High (City specific),82.8
S2-0423,Barcelona Spain remote work verified high speed fiber wifi,Europe,Spain,Barcelona,verified high speed fiber wifi,Informational / Navigational,TOFU,249,23,Weak (Generic Booking / Stale Blogs),Very High (Booking Commission 10-15%),High (2026 Rates),Programmatic Directory Listing,Structured Property Profile,Extremely High (100%),High,High,High,Medium,High (City specific),77.5
S2-0424,best coliving in Barcelona ergonomic chairs standing desks,Europe,Spain,Barcelona,ergonomic chairs standing desks,Commercial Investigation,MOFU,262,28,Weak (Generic Booking / Stale Blogs),Very High (Booking Commission 10-15%),High (2026 Rates),Programmatic Directory Listing,Comparative City Hub Directory,Extremely High (100%),High,High,High,High,High (City specific),72.1
S2-0425,Barcelona workation spaces with ergonomic chairs standing desks,Europe,Spain,Barcelona,ergonomic chairs standing desks,Informational / Navigational,TOFU,275,33,Weak (Generic Booking / Stale Blogs),Very High (Booking Commission 10-15%),High (2026 Rates),Programmatic Directory Listing,Structured Property Profile,Extremely High (100%),High,High,High,Medium,High (City specific),66.8
S2-0426,Barcelona Spain remote work ergonomic chairs standing desks,Europe,Spain,Barcelona,ergonomic chairs standing desks,Informational / Navigational,TOFU,288,10,Weak (Generic Booking / Stale Blogs),Very High (Booking Commission 10-15%),High (2026 Rates),Programmatic Directory Listing,Structured Property Profile,Extremely High (100%),High,High,High,Medium,High (City specific),92.2
S2-0427,best coliving in Barcelona private soundproof phone call booths,Europe,Spain,Barcelona,private soundproof phone call booths,Commercial Investigation,MOFU,301,15,Weak (Generic Booking / Stale Blogs),Very High (Booking Commission 10-15%),High (2026 Rates),Programmatic Directory Listing,Comparative City Hub Directory,Extremely High (100%),High,High,High,High,High (City specific),86.8
S2-0428,Barcelona workation spaces with private soundproof phone call booths,Europe,Spain,Barcelona,private soundproof phone call booths,Informational / Navigational,TOFU,314,20,Weak (Generic Booking / Stale Blogs),Very High (Booking Commission 10-15%),High (2026 Rates),Programmatic Directory Listing,Structured Property Profile,Extremely High (100%),High,High,High,Medium,High (City specific),81.5
S2-0429,Barcelona Spain remote work private soundproof phone call booths,Europe,Spain,Barcelona,private soundproof phone call booths,Informational / Navigational,TOFU,327,25,Weak (Generic Booking / Stale Blogs),Very High (Booking Commission 10-15%),High (2026 Rates),Programmatic Directory Listing,Structured Property Profile,Extremely High (100%),High,High,High,Medium,High (City specific),76.1
S2-0430,best coliving in Barcelona backup generator battery power ups,Europe,Spain,Barcelona,backup generator battery power ups,Commercial Investigation,MOFU,340,30,Weak (Generic Booking / Stale Blogs),Very High (Booking Commission 10-15%),High (2026 Rates),Programmatic Directory Listing,Comparative City Hub Directory,Extremely High (100%),High,High,High,High,High (City specific),70.8
S2-0431,Barcelona workation spaces with backup generator battery power ups,Europe,Spain,Barcelona,backup generator battery power ups,Informational / Navigational,TOFU,353,35,Weak (Generic Booking / Stale Blogs),Very High (Booking Commission 10-15%),High (2026 Rates),Programmatic Directory Listing,Structured Property Profile,Extremely High (100%),High,High,High,Medium,High (City specific),65.4
S2-0432,Barcelona Spain remote work backup generator battery power ups,Europe,Spain,Barcelona,backup generator battery power ups,Informational / Navigational,TOFU,366,12,Weak (Generic Booking / Stale Blogs),Very High (Booking Commission 10-15%),High (2026 Rates),Programmatic Directory Listing,Structured Property Profile,Extremely High (100%),High,High,High,Medium,High (City specific),90.9
S2-0433,best coliving in Barcelona monthly private room rates cost,Europe,Spain,Barcelona,monthly private room rates cost,Transactional / Commercial,BOFU,379,17,Weak (Generic Booking / Stale Blogs),Very High (Booking Commission 10-15%),High (2026 Rates),Programmatic Directory Listing,Property Pricing & Booking Directory,Extremely High (100%),High,High,High,Very High,High (City specific),85.5
S2-0434,Barcelona workation spaces with monthly private room rates cost,Europe,Spain,Barcelona,monthly private room rates cost,Transactional / Commercial,BOFU,392,22,Weak (Generic Booking / Stale Blogs),Very High (Booking Commission 10-15%),High (2026 Rates),Programmatic Directory Listing,Property Pricing & Booking Directory,Extremely High (100%),High,High,High,Very High,High (City specific),80.2
S2-0435,Barcelona Spain remote work monthly private room rates cost,Europe,Spain,Barcelona,monthly private room rates cost,Transactional / Commercial,BOFU,405,27,Weak (Generic Booking / Stale Blogs),Very High (Booking Commission 10-15%),High (2026 Rates),Programmatic Directory Listing,Property Pricing & Booking Directory,Extremely High (100%),High,High,High,Very High,High (City specific),74.8
S2-0436,best coliving in Barcelona digital nomad visa requirements,Europe,Spain,Barcelona,digital nomad visa requirements,Commercial Investigation,MOFU,418,32,Weak (Generic Booking / Stale Blogs),Very High (Booking Commission 10-15%),High (2026 Rates),Programmatic Directory Listing,Comparative City Hub Directory,Extremely High (100%),High,High,High,High,High (City specific),69.4
S2-0437,Barcelona workation spaces with digital nomad visa requirements,Europe,Spain,Barcelona,digital nomad visa requirements,Informational / Navigational,TOFU,431,9,Weak (Generic Booking / Stale Blogs),Very High (Booking Commission 10-15%),High (2026 Rates),Programmatic Directory Listing,Structured Property Profile,Extremely High (100%),High,High,High,Medium,High (City specific),94.9
S2-0438,Barcelona Spain remote work digital nomad visa requirements,Europe,Spain,Barcelona,digital nomad visa requirements,Informational / Navigational,TOFU,444,14,Weak (Generic Booking / Stale Blogs),Very High (Booking Commission 10-15%),High (2026 Rates),Programmatic Directory Listing,Structured Property Profile,Extremely High (100%),High,High,High,Medium,High (City specific),89.5
S2-0439,best coliving in Barcelona quiet focused coworking spaces,Europe,Spain,Barcelona,quiet focused coworking spaces,Commercial Investigation,MOFU,457,19,Weak (Generic Booking / Stale Blogs),Very High (Booking Commission 10-15%),High (2026 Rates),Programmatic Directory Listing,Comparative City Hub Directory,Extremely High (100%),High,High,High,High,High (City specific),84.2
S2-0440,Barcelona workation spaces with quiet focused coworking spaces,Europe,Spain,Barcelona,quiet focused coworking spaces,Informational / Navigational,TOFU,470,24,Weak (Generic Booking / Stale Blogs),Very High (Booking Commission 10-15%),High (2026 Rates),Programmatic Directory Listing,Structured Property Profile,Extremely High (100%),High,High,High,Medium,High (City specific),78.8
S2-0441,Barcelona Spain remote work quiet focused coworking spaces,Europe,Spain,Barcelona,quiet focused coworking spaces,Informational / Navigational,TOFU,483,29,Weak (Generic Booking / Stale Blogs),Very High (Booking Commission 10-15%),High (2026 Rates),Programmatic Directory Listing,Structured Property Profile,Extremely High (100%),High,High,High,Medium,High (City specific),73.5
S2-0442,best coliving in Barcelona community coliving for remote developers,Europe,Spain,Barcelona,community coliving for remote developers,Commercial Investigation,MOFU,496,34,Weak (Generic Booking / Stale Blogs),Very High (Booking Commission 10-15%),High (2026 Rates),Programmatic Directory Listing,Comparative City Hub Directory,Extremely High (100%),High,High,High,High,High (City specific),68.1
S2-0443,Barcelona workation spaces with community coliving for remote developers,Europe,Spain,Barcelona,community coliving for remote developers,Informational / Navigational,TOFU,509,11,Weak (Generic Booking / Stale Blogs),Very High (Booking Commission 10-15%),High (2026 Rates),Programmatic Directory Listing,Structured Property Profile,Extremely High (100%),High,High,High,Medium,High (City specific),93.6
S2-0444,Barcelona Spain remote work community coliving for remote developers,Europe,Spain,Barcelona,community coliving for remote developers,Informational / Navigational,TOFU,522,16,Weak (Generic Booking / Stale Blogs),Very High (Booking Commission 10-15%),High (2026 Rates),Programmatic Directory Listing,Structured Property Profile,Extremely High (100%),High,High,High,Medium,High (City specific),88.2
S2-0445,best coliving in Barcelona walkability score nearby gyms cafes,Europe,Spain,Barcelona,walkability score nearby gyms cafes,Commercial Investigation,MOFU,535,21,Weak (Generic Booking / Stale Blogs),Very High (Booking Commission 10-15%),High (2026 Rates),Programmatic Directory Listing,Comparative City Hub Directory,Extremely High (100%),High,High,High,High,High (City specific),82.8
S2-0446,Barcelona workation spaces with walkability score nearby gyms cafes,Europe,Spain,Barcelona,walkability score nearby gyms cafes,Informational / Navigational,TOFU,548,26,Weak (Generic Booking / Stale Blogs),Very High (Booking Commission 10-15%),High (2026 Rates),Programmatic Directory Listing,Structured Property Profile,Extremely High (100%),High,High,High,Medium,High (City specific),77.5
S2-0447,Barcelona Spain remote work walkability score nearby gyms cafes,Europe,Spain,Barcelona,walkability score nearby gyms cafes,Informational / Navigational,TOFU,561,31,Weak (Generic Booking / Stale Blogs),Very High (Booking Commission 10-15%),High (2026 Rates),Programmatic Directory Listing,Structured Property Profile,Extremely High (100%),High,High,High,Medium,High (City specific),72.1
S2-0448,best coliving in Barcelona short term vs 30 day stay prices,Europe,Spain,Barcelona,short term vs 30 day stay prices,Transactional / Commercial,BOFU,574,8,Weak (Generic Booking / Stale Blogs),Very High (Booking Commission 10-15%),High (2026 Rates),Programmatic Directory Listing,Property Pricing & Booking Directory,Extremely High (100%),High,High,High,Very High,High (City specific),97.6
S2-0449,Barcelona workation spaces with short term vs 30 day stay prices,Europe,Spain,Barcelona,short term vs 30 day stay prices,Transactional / Commercial,BOFU,587,13,Weak (Generic Booking / Stale Blogs),Very High (Booking Commission 10-15%),High (2026 Rates),Programmatic Directory Listing,Property Pricing & Booking Directory,Extremely High (100%),High,High,High,Very High,High (City specific),92.2
S2-0450,Barcelona Spain remote work short term vs 30 day stay prices,Europe,Spain,Barcelona,short term vs 30 day stay prices,Transactional / Commercial,BOFU,600,18,Weak (Generic Booking / Stale Blogs),Very High (Booking Commission 10-15%),High (2026 Rates),Programmatic Directory Listing,Property Pricing & Booking Directory,Extremely High (100%),High,High,High,Very High,High (City specific),86.9
S2-0451,best coliving in Barcelona reliable internet speedtest review,Europe,Spain,Barcelona,reliable internet speedtest review,Commercial Investigation,MOFU,613,23,Weak (Generic Booking / Stale Blogs),Very High (Booking Commission 10-15%),High (2026 Rates),Programmatic Directory Listing,Comparative City Hub Directory,Extremely High (100%),High,High,High,High,High (City specific),81.5
S2-0452,Barcelona workation spaces with reliable internet speedtest review,Europe,Spain,Barcelona,reliable internet speedtest review,Informational / Navigational,TOFU,626,28,Weak (Generic Booking / Stale Blogs),Very High (Booking Commission 10-15%),High (2026 Rates),Programmatic Directory Listing,Structured Property Profile,Extremely High (100%),High,High,High,Medium,High (City specific),76.2
S2-0453,Barcelona Spain remote work reliable internet speedtest review,Europe,Spain,Barcelona,reliable internet speedtest review,Informational / Navigational,TOFU,639,33,Weak (Generic Booking / Stale Blogs),Very High (Booking Commission 10-15%),High (2026 Rates),Programmatic Directory Listing,Structured Property Profile,Extremely High (100%),High,High,High,Medium,High (City specific),70.8
S2-0454,best coliving in Barcelona best neighborhoods for remote work,Europe,Spain,Barcelona,best neighborhoods for remote work,Commercial Investigation,MOFU,652,10,Weak (Generic Booking / Stale Blogs),Very High (Booking Commission 10-15%),High (2026 Rates),Programmatic Directory Listing,Comparative City Hub Directory,Extremely High (100%),High,High,High,High,High (City specific),96.2
S2-0455,Barcelona workation spaces with best neighborhoods for remote work,Europe,Spain,Barcelona,best neighborhoods for remote work,Commercial Investigation,MOFU,665,15,Weak (Generic Booking / Stale Blogs),Very High (Booking Commission 10-15%),High (2026 Rates),Programmatic Directory Listing,Comparative City Hub Directory,Extremely High (100%),High,High,High,High,High (City specific),90.9
S2-0456,Barcelona Spain remote work best neighborhoods for remote work,Europe,Spain,Barcelona,best neighborhoods for remote work,Commercial Investigation,MOFU,678,20,Weak (Generic Booking / Stale Blogs),Very High (Booking Commission 10-15%),High (2026 Rates),Programmatic Directory Listing,Comparative City Hub Directory,Extremely High (100%),High,High,High,High,High (City specific),85.5
S2-0457,best coliving in Barcelona tax residency and stay limits,Europe,Spain,Barcelona,tax residency and stay limits,Commercial Investigation,MOFU,691,25,Weak (Generic Booking / Stale Blogs),Very High (Booking Commission 10-15%),High (2026 Rates),Programmatic Directory Listing,Comparative City Hub Directory,Extremely High (100%),High,High,High,High,High (City specific),80.2
S2-0458,Barcelona workation spaces with tax residency and stay limits,Europe,Spain,Barcelona,tax residency and stay limits,Informational / Navigational,TOFU,704,30,Weak (Generic Booking / Stale Blogs),Very High (Booking Commission 10-15%),High (2026 Rates),Programmatic Directory Listing,Structured Property Profile,Extremely High (100%),High,High,High,Medium,High (City specific),74.8
S2-0459,Barcelona Spain remote work tax residency and stay limits,Europe,Spain,Barcelona,tax residency and stay limits,Informational / Navigational,TOFU,717,35,Weak (Generic Booking / Stale Blogs),Very High (Booking Commission 10-15%),High (2026 Rates),Programmatic Directory Listing,Structured Property Profile,Extremely High (100%),High,High,High,Medium,High (City specific),69.5
S2-0460,best coliving in Barcelona dual isp internet redundancy,Europe,Spain,Barcelona,dual isp internet redundancy,Commercial Investigation,MOFU,730,12,Weak (Generic Booking / Stale Blogs),Very High (Booking Commission 10-15%),High (2026 Rates),Programmatic Directory Listing,Comparative City Hub Directory,Extremely High (100%),High,High,High,High,High (City specific),94.9
S2-0461,Barcelona workation spaces with dual isp internet redundancy,Europe,Spain,Barcelona,dual isp internet redundancy,Informational / Navigational,TOFU,743,17,Weak (Generic Booking / Stale Blogs),Very High (Booking Commission 10-15%),High (2026 Rates),Programmatic Directory Listing,Structured Property Profile,Extremely High (100%),High,High,High,Medium,High (City specific),89.6
S2-0462,Barcelona Spain remote work dual isp internet redundancy,Europe,Spain,Barcelona,dual isp internet redundancy,Informational / Navigational,TOFU,756,22,Weak (Generic Booking / Stale Blogs),Very High (Booking Commission 10-15%),High (2026 Rates),Programmatic Directory Listing,Structured Property Profile,Extremely High (100%),High,High,High,Medium,High (City specific),84.2
S2-0463,best coliving in Barcelona coliving with swimming pool and gym,Europe,Spain,Barcelona,coliving with swimming pool and gym,Commercial Investigation,MOFU,769,27,Weak (Generic Booking / Stale Blogs),Very High (Booking Commission 10-15%),High (2026 Rates),Programmatic Directory Listing,Comparative City Hub Directory,Extremely High (100%),High,High,High,High,High (City specific),78.8
S2-0464,Barcelona workation spaces with coliving with swimming pool and gym,Europe,Spain,Barcelona,coliving with swimming pool and gym,Informational / Navigational,TOFU,782,32,Weak (Generic Booking / Stale Blogs),Very High (Booking Commission 10-15%),High (2026 Rates),Programmatic Directory Listing,Structured Property Profile,Extremely High (100%),High,High,High,Medium,High (City specific),73.5
S2-0465,Barcelona Spain remote work coliving with swimming pool and gym,Europe,Spain,Barcelona,coliving with swimming pool and gym,Informational / Navigational,TOFU,795,9,Weak (Generic Booking / Stale Blogs),Very High (Booking Commission 10-15%),High (2026 Rates),Programmatic Directory Listing,Structured Property Profile,Extremely High (100%),High,High,High,Medium,High (City specific),98.9
S2-0466,best coliving in Barcelona dog friendly workation properties,Europe,Spain,Barcelona,dog friendly workation properties,Commercial Investigation,MOFU,808,14,Weak (Generic Booking / Stale Blogs),Very High (Booking Commission 10-15%),High (2026 Rates),Programmatic Directory Listing,Comparative City Hub Directory,Extremely High (100%),High,High,High,High,High (City specific),93.6
S2-0467,Barcelona workation spaces with dog friendly workation properties,Europe,Spain,Barcelona,dog friendly workation properties,Informational / Navigational,TOFU,821,19,Weak (Generic Booking / Stale Blogs),Very High (Booking Commission 10-15%),High (2026 Rates),Programmatic Directory Listing,Structured Property Profile,Extremely High (100%),High,High,High,Medium,High (City specific),88.2
S2-0468,Barcelona Spain remote work dog friendly workation properties,Europe,Spain,Barcelona,dog friendly workation properties,Informational / Navigational,TOFU,834,24,Weak (Generic Booking / Stale Blogs),Very High (Booking Commission 10-15%),High (2026 Rates),Programmatic Directory Listing,Structured Property Profile,Extremely High (100%),High,High,High,Medium,High (City specific),82.9
S2-0469,best coliving in Barcelona workation retreats for distributed teams,Europe,Spain,Barcelona,workation retreats for distributed teams,Commercial Investigation,MOFU,847,29,Weak (Generic Booking / Stale Blogs),Very High (Booking Commission 10-15%),High (2026 Rates),Programmatic Directory Listing,Comparative City Hub Directory,Extremely High (100%),High,High,High,High,High (City specific),77.5
S2-0470,Barcelona workation spaces with workation retreats for distributed teams,Europe,Spain,Barcelona,workation retreats for distributed teams,Informational / Navigational,TOFU,860,34,Weak (Generic Booking / Stale Blogs),Very High (Booking Commission 10-15%),High (2026 Rates),Programmatic Directory Listing,Structured Property Profile,Extremely High (100%),High,High,High,Medium,High (City specific),72.2
S2-0471,Barcelona Spain remote work workation retreats for distributed teams,Europe,Spain,Barcelona,workation retreats for distributed teams,Informational / Navigational,TOFU,873,11,Weak (Generic Booking / Stale Blogs),Very High (Booking Commission 10-15%),High (2026 Rates),Programmatic Directory Listing,Structured Property Profile,Extremely High (100%),High,High,High,Medium,High (City specific),97.6
S2-0472,best coliving in Barcelona budget friendly coliving under 1000,Europe,Spain,Barcelona,budget friendly coliving under 1000,Commercial Investigation,MOFU,886,16,Weak (Generic Booking / Stale Blogs),Very High (Booking Commission 10-15%),High (2026 Rates),Programmatic Directory Listing,Comparative City Hub Directory,Extremely High (100%),High,High,High,High,High (City specific),92.2
S2-0473,Barcelona workation spaces with budget friendly coliving under 1000,Europe,Spain,Barcelona,budget friendly coliving under 1000,Informational / Navigational,TOFU,899,21,Weak (Generic Booking / Stale Blogs),Very High (Booking Commission 10-15%),High (2026 Rates),Programmatic Directory Listing,Structured Property Profile,Extremely High (100%),High,High,High,Medium,High (City specific),86.9
S2-0474,Barcelona Spain remote work budget friendly coliving under 1000,Europe,Spain,Barcelona,budget friendly coliving under 1000,Informational / Navigational,TOFU,912,26,Weak (Generic Booking / Stale Blogs),Very High (Booking Commission 10-15%),High (2026 Rates),Programmatic Directory Listing,Structured Property Profile,Extremely High (100%),High,High,High,Medium,High (City specific),81.5
S2-0475,best coliving in Barcelona luxury executive workation apartments,Europe,Spain,Barcelona,luxury executive workation apartments,Commercial Investigation,MOFU,925,31,Weak (Generic Booking / Stale Blogs),Very High (Booking Commission 10-15%),High (2026 Rates),Programmatic Directory Listing,Comparative City Hub Directory,Extremely High (100%),High,High,High,High,High (City specific),76.2
S2-0476,Barcelona workation spaces with luxury executive workation apartments,Europe,Spain,Barcelona,luxury executive workation apartments,Informational / Navigational,TOFU,938,8,Weak (Generic Booking / Stale Blogs),Very High (Booking Commission 10-15%),High (2026 Rates),Programmatic Directory Listing,Structured Property Profile,Extremely High (100%),High,High,High,Medium,High (City specific),99.0
S2-0477,Barcelona Spain remote work luxury executive workation apartments,Europe,Spain,Barcelona,luxury executive workation apartments,Informational / Navigational,TOFU,951,13,Weak (Generic Booking / Stale Blogs),Very High (Booking Commission 10-15%),High (2026 Rates),Programmatic Directory Listing,Structured Property Profile,Extremely High (100%),High,High,High,Medium,High (City specific),96.3
S2-0478,best coliving in Barcelona coliving with private ensuite bathroom,Europe,Spain,Barcelona,coliving with private ensuite bathroom,Commercial Investigation,MOFU,964,18,Weak (Generic Booking / Stale Blogs),Very High (Booking Commission 10-15%),High (2026 Rates),Programmatic Directory Listing,Comparative City Hub Directory,Extremely High (100%),High,High,High,High,High (City specific),90.9
S2-0479,Barcelona workation spaces with coliving with private ensuite bathroom,Europe,Spain,Barcelona,coliving with private ensuite bathroom,Informational / Navigational,TOFU,977,23,Weak (Generic Booking / Stale Blogs),Very High (Booking Commission 10-15%),High (2026 Rates),Programmatic Directory Listing,Structured Property Profile,Extremely High (100%),High,High,High,Medium,High (City specific),85.6
S2-0480,Barcelona Spain remote work coliving with private ensuite bathroom,Europe,Spain,Barcelona,coliving with private ensuite bathroom,Informational / Navigational,TOFU,990,28,Weak (Generic Booking / Stale Blogs),Very High (Booking Commission 10-15%),High (2026 Rates),Programmatic Directory Listing,Structured Property Profile,Extremely High (100%),High,High,High,Medium,High (City specific),80.2
S2-0481,best coliving in Valencia verified high speed fiber wifi,Europe,Spain,Valencia,verified high speed fiber wifi,Commercial Investigation,MOFU,1003,33,Weak (Generic Booking / Stale Blogs),Very High (Booking Commission 10-15%),High (2026 Rates),Programmatic Directory Listing,Comparative City Hub Directory,Extremely High (100%),High,High,High,High,High (City specific),74.8
S2-0482,Valencia workation spaces with verified high speed fiber wifi,Europe,Spain,Valencia,verified high speed fiber wifi,Informational / Navigational,TOFU,1016,10,Weak (Generic Booking / Stale Blogs),Very High (Booking Commission 10-15%),High (2026 Rates),Programmatic Directory Listing,Structured Property Profile,Extremely High (100%),High,High,High,Medium,High (City specific),99.0
S2-0483,Valencia Spain remote work verified high speed fiber wifi,Europe,Spain,Valencia,verified high speed fiber wifi,Informational / Navigational,TOFU,1029,15,Weak (Generic Booking / Stale Blogs),Very High (Booking Commission 10-15%),High (2026 Rates),Programmatic Directory Listing,Structured Property Profile,Extremely High (100%),High,High,High,Medium,High (City specific),94.9
S2-0484,best coliving in Valencia ergonomic chairs standing desks,Europe,Spain,Valencia,ergonomic chairs standing desks,Commercial Investigation,MOFU,1042,20,Weak (Generic Booking / Stale Blogs),Very High (Booking Commission 10-15%),High (2026 Rates),Programmatic Directory Listing,Comparative City Hub Directory,Extremely High (100%),High,High,High,High,High (City specific),89.6
S2-0485,Valencia workation spaces with ergonomic chairs standing desks,Europe,Spain,Valencia,ergonomic chairs standing desks,Informational / Navigational,TOFU,1055,25,Weak (Generic Booking / Stale Blogs),Very High (Booking Commission 10-15%),High (2026 Rates),Programmatic Directory Listing,Structured Property Profile,Extremely High (100%),High,High,High,Medium,High (City specific),84.2
S2-0486,Valencia Spain remote work ergonomic chairs standing desks,Europe,Spain,Valencia,ergonomic chairs standing desks,Informational / Navigational,TOFU,1068,30,Weak (Generic Booking / Stale Blogs),Very High (Booking Commission 10-15%),High (2026 Rates),Programmatic Directory Listing,Structured Property Profile,Extremely High (100%),High,High,High,Medium,High (City specific),78.9
S2-0487,best coliving in Valencia private soundproof phone call booths,Europe,Spain,Valencia,private soundproof phone call booths,Commercial Investigation,MOFU,1081,35,Weak (Generic Booking / Stale Blogs),Very High (Booking Commission 10-15%),High (2026 Rates),Programmatic Directory Listing,Comparative City Hub Directory,Extremely High (100%),High,High,High,High,High (City specific),73.5
S2-0488,Valencia workation spaces with private soundproof phone call booths,Europe,Spain,Valencia,private soundproof phone call booths,Informational / Navigational,TOFU,1094,12,Weak (Generic Booking / Stale Blogs),Very High (Booking Commission 10-15%),High (2026 Rates),Programmatic Directory Listing,Structured Property Profile,Extremely High (100%),High,High,High,Medium,High (City specific),99.0
S2-0489,Valencia Spain remote work private soundproof phone call booths,Europe,Spain,Valencia,private soundproof phone call booths,Informational / Navigational,TOFU,1107,17,Weak (Generic Booking / Stale Blogs),Very High (Booking Commission 10-15%),High (2026 Rates),Programmatic Directory Listing,Structured Property Profile,Extremely High (100%),High,High,High,Medium,High (City specific),93.6
S2-0490,best coliving in Valencia backup generator battery power ups,Europe,Spain,Valencia,backup generator battery power ups,Commercial Investigation,MOFU,1120,22,Weak (Generic Booking / Stale Blogs),Very High (Booking Commission 10-15%),High (2026 Rates),Programmatic Directory Listing,Comparative City Hub Directory,Extremely High (100%),High,High,High,High,High (City specific),88.2
S2-0491,Valencia workation spaces with backup generator battery power ups,Europe,Spain,Valencia,backup generator battery power ups,Informational / Navigational,TOFU,1133,27,Weak (Generic Booking / Stale Blogs),Very High (Booking Commission 10-15%),High (2026 Rates),Programmatic Directory Listing,Structured Property Profile,Extremely High (100%),High,High,High,Medium,High (City specific),82.9
S2-0492,Valencia Spain remote work backup generator battery power ups,Europe,Spain,Valencia,backup generator battery power ups,Informational / Navigational,TOFU,1146,32,Weak (Generic Booking / Stale Blogs),Very High (Booking Commission 10-15%),High (2026 Rates),Programmatic Directory Listing,Structured Property Profile,Extremely High (100%),High,High,High,Medium,High (City specific),77.5
S2-0493,best coliving in Valencia monthly private room rates cost,Europe,Spain,Valencia,monthly private room rates cost,Transactional / Commercial,BOFU,1159,9,Weak (Generic Booking / Stale Blogs),Very High (Booking Commission 10-15%),High (2026 Rates),Programmatic Directory Listing,Property Pricing & Booking Directory,Extremely High (100%),High,High,High,Very High,High (City specific),99.0
S2-0494,Valencia workation spaces with monthly private room rates cost,Europe,Spain,Valencia,monthly private room rates cost,Transactional / Commercial,BOFU,1172,14,Weak (Generic Booking / Stale Blogs),Very High (Booking Commission 10-15%),High (2026 Rates),Programmatic Directory Listing,Property Pricing & Booking Directory,Extremely High (100%),High,High,High,Very High,High (City specific),97.6
S2-0495,Valencia Spain remote work monthly private room rates cost,Europe,Spain,Valencia,monthly private room rates cost,Transactional / Commercial,BOFU,1185,19,Weak (Generic Booking / Stale Blogs),Very High (Booking Commission 10-15%),High (2026 Rates),Programmatic Directory Listing,Property Pricing & Booking Directory,Extremely High (100%),High,High,High,Very High,High (City specific),92.3
S2-0496,best coliving in Valencia digital nomad visa requirements,Europe,Spain,Valencia,digital nomad visa requirements,Commercial Investigation,MOFU,1198,24,Weak (Generic Booking / Stale Blogs),Very High (Booking Commission 10-15%),High (2026 Rates),Programmatic Directory Listing,Comparative City Hub Directory,Extremely High (100%),High,High,High,High,High (City specific),86.9
S2-0497,Valencia workation spaces with digital nomad visa requirements,Europe,Spain,Valencia,digital nomad visa requirements,Informational / Navigational,TOFU,1211,29,Weak (Generic Booking / Stale Blogs),Very High (Booking Commission 10-15%),High (2026 Rates),Programmatic Directory Listing,Structured Property Profile,Extremely High (100%),High,High,High,Medium,High (City specific),81.6
S2-0498,Valencia Spain remote work digital nomad visa requirements,Europe,Spain,Valencia,digital nomad visa requirements,Informational / Navigational,TOFU,1224,34,Weak (Generic Booking / Stale Blogs),Very High (Booking Commission 10-15%),High (2026 Rates),Programmatic Directory Listing,Structured Property Profile,Extremely High (100%),High,High,High,Medium,High (City specific),76.2
S2-0499,best coliving in Valencia quiet focused coworking spaces,Europe,Spain,Valencia,quiet focused coworking spaces,Commercial Investigation,MOFU,1237,11,Weak (Generic Booking / Stale Blogs),Very High (Booking Commission 10-15%),High (2026 Rates),Programmatic Directory Listing,Comparative City Hub Directory,Extremely High (100%),High,High,High,High,High (City specific),99.0
S2-0500,Valencia workation spaces with quiet focused coworking spaces,Europe,Spain,Valencia,quiet focused coworking spaces,Informational / Navigational,TOFU,1250,16,Weak (Generic Booking / Stale Blogs),Very High (Booking Commission 10-15%),High (2026 Rates),Programmatic Directory Listing,Structured Property Profile,Extremely High (100%),High,High,High,Medium,High (City specific),96.3
S2-0501,Valencia Spain remote work quiet focused coworking spaces,Europe,Spain,Valencia,quiet focused coworking spaces,Informational / Navigational,TOFU,1263,21,Weak (Generic Booking / Stale Blogs),Very High (Booking Commission 10-15%),High (2026 Rates),Programmatic Directory Listing,Structured Property Profile,Extremely High (100%),High,High,High,Medium,High (City specific),90.9
S2-0502,best coliving in Valencia community coliving for remote developers,Europe,Spain,Valencia,community coliving for remote developers,Commercial Investigation,MOFU,1276,26,Weak (Generic Booking / Stale Blogs),Very High (Booking Commission 10-15%),High (2026 Rates),Programmatic Directory Listing,Comparative City Hub Directory,Extremely High (100%),High,High,High,High,High (City specific),85.6
S2-0503,Valencia workation spaces with community coliving for remote developers,Europe,Spain,Valencia,community coliving for remote developers,Informational / Navigational,TOFU,1289,31,Weak (Generic Booking / Stale Blogs),Very High (Booking Commission 10-15%),High (2026 Rates),Programmatic Directory Listing,Structured Property Profile,Extremely High (100%),High,High,High,Medium,High (City specific),80.2
S2-0504,Valencia Spain remote work community coliving for remote developers,Europe,Spain,Valencia,community coliving for remote developers,Informational / Navigational,TOFU,1302,8,Weak (Generic Booking / Stale Blogs),Very High (Booking Commission 10-15%),High (2026 Rates),Programmatic Directory Listing,Structured Property Profile,Extremely High (100%),High,High,High,Medium,High (City specific),99.0
S2-0505,best coliving in Valencia walkability score nearby gyms cafes,Europe,Spain,Valencia,walkability score nearby gyms cafes,Commercial Investigation,MOFU,1315,13,Weak (Generic Booking / Stale Blogs),Very High (Booking Commission 10-15%),High (2026 Rates),Programmatic Directory Listing,Comparative City Hub Directory,Extremely High (100%),High,High,High,High,High (City specific),99.0
S2-0506,Valencia workation spaces with walkability score nearby gyms cafes,Europe,Spain,Valencia,walkability score nearby gyms cafes,Informational / Navigational,TOFU,1328,18,Weak (Generic Booking / Stale Blogs),Very High (Booking Commission 10-15%),High (2026 Rates),Programmatic Directory Listing,Structured Property Profile,Extremely High (100%),High,High,High,Medium,High (City specific),95.0
S2-0507,Valencia Spain remote work walkability score nearby gyms cafes,Europe,Spain,Valencia,walkability score nearby gyms cafes,Informational / Navigational,TOFU,1341,23,Weak (Generic Booking / Stale Blogs),Very High (Booking Commission 10-15%),High (2026 Rates),Programmatic Directory Listing,Structured Property Profile,Extremely High (100%),High,High,High,Medium,High (City specific),89.6
S2-0508,best coliving in Valencia short term vs 30 day stay prices,Europe,Spain,Valencia,short term vs 30 day stay prices,Transactional / Commercial,BOFU,1354,28,Weak (Generic Booking / Stale Blogs),Very High (Booking Commission 10-15%),High (2026 Rates),Programmatic Directory Listing,Property Pricing & Booking Directory,Extremely High (100%),High,High,High,Very High,High (City specific),84.2
S2-0509,Valencia workation spaces with short term vs 30 day stay prices,Europe,Spain,Valencia,short term vs 30 day stay prices,Transactional / Commercial,BOFU,1367,33,Weak (Generic Booking / Stale Blogs),Very High (Booking Commission 10-15%),High (2026 Rates),Programmatic Directory Listing,Property Pricing & Booking Directory,Extremely High (100%),High,High,High,Very High,High (City specific),78.9
S2-0510,Valencia Spain remote work short term vs 30 day stay prices,Europe,Spain,Valencia,short term vs 30 day stay prices,Transactional / Commercial,BOFU,1380,10,Weak (Generic Booking / Stale Blogs),Very High (Booking Commission 10-15%),High (2026 Rates),Programmatic Directory Listing,Property Pricing & Booking Directory,Extremely High (100%),High,High,High,Very High,High (City specific),99.0
S2-0511,best coliving in Valencia reliable internet speedtest review,Europe,Spain,Valencia,reliable internet speedtest review,Commercial Investigation,MOFU,1393,15,Weak (Generic Booking / Stale Blogs),Very High (Booking Commission 10-15%),High (2026 Rates),Programmatic Directory Listing,Comparative City Hub Directory,Extremely High (100%),High,High,High,High,High (City specific),99.0
S2-0512,Valencia workation spaces with reliable internet speedtest review,Europe,Spain,Valencia,reliable internet speedtest review,Informational / Navigational,TOFU,1406,20,Weak (Generic Booking / Stale Blogs),Very High (Booking Commission 10-15%),High (2026 Rates),Programmatic Directory Listing,Structured Property Profile,Extremely High (100%),High,High,High,Medium,High (City specific),93.6
S2-0513,Valencia Spain remote work reliable internet speedtest review,Europe,Spain,Valencia,reliable internet speedtest review,Informational / Navigational,TOFU,1419,25,Weak (Generic Booking / Stale Blogs),Very High (Booking Commission 10-15%),High (2026 Rates),Programmatic Directory Listing,Structured Property Profile,Extremely High (100%),High,High,High,Medium,High (City specific),88.3
S2-0514,best coliving in Valencia best neighborhoods for remote work,Europe,Spain,Valencia,best neighborhoods for remote work,Commercial Investigation,MOFU,1432,30,Weak (Generic Booking / Stale Blogs),Very High (Booking Commission 10-15%),High (2026 Rates),Programmatic Directory Listing,Comparative City Hub Directory,Extremely High (100%),High,High,High,High,High (City specific),82.9
S2-0515,Valencia workation spaces with best neighborhoods for remote work,Europe,Spain,Valencia,best neighborhoods for remote work,Commercial Investigation,MOFU,1445,35,Weak (Generic Booking / Stale Blogs),Very High (Booking Commission 10-15%),High (2026 Rates),Programmatic Directory Listing,Comparative City Hub Directory,Extremely High (100%),High,High,High,High,High (City specific),77.6
S2-0516,Valencia Spain remote work best neighborhoods for remote work,Europe,Spain,Valencia,best neighborhoods for remote work,Commercial Investigation,MOFU,1458,12,Weak (Generic Booking / Stale Blogs),Very High (Booking Commission 10-15%),High (2026 Rates),Programmatic Directory Listing,Comparative City Hub Directory,Extremely High (100%),High,High,High,High,High (City specific),99.0
S2-0517,best coliving in Valencia tax residency and stay limits,Europe,Spain,Valencia,tax residency and stay limits,Commercial Investigation,MOFU,1471,17,Weak (Generic Booking / Stale Blogs),Very High (Booking Commission 10-15%),High (2026 Rates),Programmatic Directory Listing,Comparative City Hub Directory,Extremely High (100%),High,High,High,High,High (City specific),97.6
S2-0518,Valencia workation spaces with tax residency and stay limits,Europe,Spain,Valencia,tax residency and stay limits,Informational / Navigational,TOFU,1484,22,Weak (Generic Booking / Stale Blogs),Very High (Booking Commission 10-15%),High (2026 Rates),Programmatic Directory Listing,Structured Property Profile,Extremely High (100%),High,High,High,Medium,High (City specific),92.3
S2-0519,Valencia Spain remote work tax residency and stay limits,Europe,Spain,Valencia,tax residency and stay limits,Informational / Navigational,TOFU,1497,27,Weak (Generic Booking / Stale Blogs),Very High (Booking Commission 10-15%),High (2026 Rates),Programmatic Directory Listing,Structured Property Profile,Extremely High (100%),High,High,High,Medium,High (City specific),86.9
S2-0520,best coliving in Valencia dual isp internet redundancy,Europe,Spain,Valencia,dual isp internet redundancy,Commercial Investigation,MOFU,1510,32,Weak (Generic Booking / Stale Blogs),Very High (Booking Commission 10-15%),High (2026 Rates),Programmatic Directory Listing,Comparative City Hub Directory,Extremely High (100%),High,High,High,High,High (City specific),81.6
S2-0521,Valencia workation spaces with dual isp internet redundancy,Europe,Spain,Valencia,dual isp internet redundancy,Informational / Navigational,TOFU,1523,9,Weak (Generic Booking / Stale Blogs),Very High (Booking Commission 10-15%),High (2026 Rates),Programmatic Directory Listing,Structured Property Profile,Extremely High (100%),High,High,High,Medium,High (City specific),99.0
S2-0522,Valencia Spain remote work dual isp internet redundancy,Europe,Spain,Valencia,dual isp internet redundancy,Informational / Navigational,TOFU,1536,14,Weak (Generic Booking / Stale Blogs),Very High (Booking Commission 10-15%),High (2026 Rates),Programmatic Directory Listing,Structured Property Profile,Extremely High (100%),High,High,High,Medium,High (City specific),99.0
S2-0523,best coliving in Valencia coliving with swimming pool and gym,Europe,Spain,Valencia,coliving with swimming pool and gym,Commercial Investigation,MOFU,1549,19,Weak (Generic Booking / Stale Blogs),Very High (Booking Commission 10-15%),High (2026 Rates),Programmatic Directory Listing,Comparative City Hub Directory,Extremely High (100%),High,High,High,High,High (City specific),96.3
S2-0524,Valencia workation spaces with coliving with swimming pool and gym,Europe,Spain,Valencia,coliving with swimming pool and gym,Informational / Navigational,TOFU,1562,24,Weak (Generic Booking / Stale Blogs),Very High (Booking Commission 10-15%),High (2026 Rates),Programmatic Directory Listing,Structured Property Profile,Extremely High (100%),High,High,High,Medium,High (City specific),91.0
S2-0525,Valencia Spain remote work coliving with swimming pool and gym,Europe,Spain,Valencia,coliving with swimming pool and gym,Informational / Navigational,TOFU,1575,29,Weak (Generic Booking / Stale Blogs),Very High (Booking Commission 10-15%),High (2026 Rates),Programmatic Directory Listing,Structured Property Profile,Extremely High (100%),High,High,High,Medium,High (City specific),85.6
S2-0526,best coliving in Valencia dog friendly workation properties,Europe,Spain,Valencia,dog friendly workation properties,Commercial Investigation,MOFU,1588,34,Weak (Generic Booking / Stale Blogs),Very High (Booking Commission 10-15%),High (2026 Rates),Programmatic Directory Listing,Comparative City Hub Directory,Extremely High (100%),High,High,High,High,High (City specific),80.2
S2-0527,Valencia workation spaces with dog friendly workation properties,Europe,Spain,Valencia,dog friendly workation properties,Informational / Navigational,TOFU,1601,11,Weak (Generic Booking / Stale Blogs),Very High (Booking Commission 10-15%),High (2026 Rates),Programmatic Directory Listing,Structured Property Profile,Extremely High (100%),High,High,High,Medium,High (City specific),99.0
S2-0528,Valencia Spain remote work dog friendly workation properties,Europe,Spain,Valencia,dog friendly workation properties,Informational / Navigational,TOFU,1614,16,Weak (Generic Booking / Stale Blogs),Very High (Booking Commission 10-15%),High (2026 Rates),Programmatic Directory Listing,Structured Property Profile,Extremely High (100%),High,High,High,Medium,High (City specific),99.0
S2-0529,best coliving in Valencia workation retreats for distributed teams,Europe,Spain,Valencia,workation retreats for distributed teams,Commercial Investigation,MOFU,1627,21,Weak (Generic Booking / Stale Blogs),Very High (Booking Commission 10-15%),High (2026 Rates),Programmatic Directory Listing,Comparative City Hub Directory,Extremely High (100%),High,High,High,High,High (City specific),95.0
S2-0530,Valencia workation spaces with workation retreats for distributed teams,Europe,Spain,Valencia,workation retreats for distributed teams,Informational / Navigational,TOFU,1640,26,Weak (Generic Booking / Stale Blogs),Very High (Booking Commission 10-15%),High (2026 Rates),Programmatic Directory Listing,Structured Property Profile,Extremely High (100%),High,High,High,Medium,High (City specific),89.6
S2-0531,Valencia Spain remote work workation retreats for distributed teams,Europe,Spain,Valencia,workation retreats for distributed teams,Informational / Navigational,TOFU,1653,31,Weak (Generic Booking / Stale Blogs),Very High (Booking Commission 10-15%),High (2026 Rates),Programmatic Directory Listing,Structured Property Profile,Extremely High (100%),High,High,High,Medium,High (City specific),84.3
S2-0532,best coliving in Valencia budget friendly coliving under 1000,Europe,Spain,Valencia,budget friendly coliving under 1000,Commercial Investigation,MOFU,1666,8,Weak (Generic Booking / Stale Blogs),Very High (Booking Commission 10-15%),High (2026 Rates),Programmatic Directory Listing,Comparative City Hub Directory,Extremely High (100%),High,High,High,High,High (City specific),99.0
S2-0533,Valencia workation spaces with budget friendly coliving under 1000,Europe,Spain,Valencia,budget friendly coliving under 1000,Informational / Navigational,TOFU,1679,13,Weak (Generic Booking / Stale Blogs),Very High (Booking Commission 10-15%),High (2026 Rates),Programmatic Directory Listing,Structured Property Profile,Extremely High (100%),High,High,High,Medium,High (City specific),99.0
S2-0534,Valencia Spain remote work budget friendly coliving under 1000,Europe,Spain,Valencia,budget friendly coliving under 1000,Informational / Navigational,TOFU,1692,18,Weak (Generic Booking / Stale Blogs),Very High (Booking Commission 10-15%),High (2026 Rates),Programmatic Directory Listing,Structured Property Profile,Extremely High (100%),High,High,High,Medium,High (City specific),99.0
S2-0535,best coliving in Valencia luxury executive workation apartments,Europe,Spain,Valencia,luxury executive workation apartments,Commercial Investigation,MOFU,1705,23,Weak (Generic Booking / Stale Blogs),Very High (Booking Commission 10-15%),High (2026 Rates),Programmatic Directory Listing,Comparative City Hub Directory,Extremely High (100%),High,High,High,High,High (City specific),93.6
S2-0536,Valencia workation spaces with luxury executive workation apartments,Europe,Spain,Valencia,luxury executive workation apartments,Informational / Navigational,TOFU,1718,28,Weak (Generic Booking / Stale Blogs),Very High (Booking Commission 10-15%),High (2026 Rates),Programmatic Directory Listing,Structured Property Profile,Extremely High (100%),High,High,High,Medium,High (City specific),88.3
S2-0537,Valencia Spain remote work luxury executive workation apartments,Europe,Spain,Valencia,luxury executive workation apartments,Informational / Navigational,TOFU,1731,33,Weak (Generic Booking / Stale Blogs),Very High (Booking Commission 10-15%),High (2026 Rates),Programmatic Directory Listing,Structured Property Profile,Extremely High (100%),High,High,High,Medium,High (City specific),82.9
S2-0538,best coliving in Valencia coliving with private ensuite bathroom,Europe,Spain,Valencia,coliving with private ensuite bathroom,Commercial Investigation,MOFU,1744,10,Weak (Generic Booking / Stale Blogs),Very High (Booking Commission 10-15%),High (2026 Rates),Programmatic Directory Listing,Comparative City Hub Directory,Extremely High (100%),High,High,High,High,High (City specific),99.0
S2-0539,Valencia workation spaces with coliving with private ensuite bathroom,Europe,Spain,Valencia,coliving with private ensuite bathroom,Informational / Navigational,TOFU,1757,15,Weak (Generic Booking / Stale Blogs),Very High (Booking Commission 10-15%),High (2026 Rates),Programmatic Directory Listing,Structured Property Profile,Extremely High (100%),High,High,High,Medium,High (City specific),99.0
S2-0540,Valencia Spain remote work coliving with private ensuite bathroom,Europe,Spain,Valencia,coliving with private ensuite bathroom,Informational / Navigational,TOFU,1770,20,Weak (Generic Booking / Stale Blogs),Very High (Booking Commission 10-15%),High (2026 Rates),Programmatic Directory Listing,Structured Property Profile,Extremely High (100%),High,High,High,Medium,High (City specific),97.7
S2-0541,best coliving in Malaga verified high speed fiber wifi,Europe,Spain,Malaga,verified high speed fiber wifi,Commercial Investigation,MOFU,1783,25,Weak (Generic Booking / Stale Blogs),Very High (Booking Commission 10-15%),High (2026 Rates),Programmatic Directory Listing,Comparative City Hub Directory,Extremely High (100%),High,High,High,High,High (City specific),92.3
S2-0542,Malaga workation spaces with verified high speed fiber wifi,Europe,Spain,Malaga,verified high speed fiber wifi,Informational / Navigational,TOFU,1796,30,Weak (Generic Booking / Stale Blogs),Very High (Booking Commission 10-15%),High (2026 Rates),Programmatic Directory Listing,Structured Property Profile,Extremely High (100%),High,High,High,Medium,High (City specific),87.0
S2-0543,Malaga Spain remote work verified high speed fiber wifi,Europe,Spain,Malaga,verified high speed fiber wifi,Informational / Navigational,TOFU,1809,35,Weak (Generic Booking / Stale Blogs),Very High (Booking Commission 10-15%),High (2026 Rates),Programmatic Directory Listing,Structured Property Profile,Extremely High (100%),High,High,High,Medium,High (City specific),81.6
S2-0544,best coliving in Malaga ergonomic chairs standing desks,Europe,Spain,Malaga,ergonomic chairs standing desks,Commercial Investigation,MOFU,1822,12,Weak (Generic Booking / Stale Blogs),Very High (Booking Commission 10-15%),High (2026 Rates),Programmatic Directory Listing,Comparative City Hub Directory,Extremely High (100%),High,High,High,High,High (City specific),99.0
S2-0545,Malaga workation spaces with ergonomic chairs standing desks,Europe,Spain,Malaga,ergonomic chairs standing desks,Informational / Navigational,TOFU,1835,17,Weak (Generic Booking / Stale Blogs),Very High (Booking Commission 10-15%),High (2026 Rates),Programmatic Directory Listing,Structured Property Profile,Extremely High (100%),High,High,High,Medium,High (City specific),99.0
S2-0546,Malaga Spain remote work ergonomic chairs standing desks,Europe,Spain,Malaga,ergonomic chairs standing desks,Informational / Navigational,TOFU,1848,22,Weak (Generic Booking / Stale Blogs),Very High (Booking Commission 10-15%),High (2026 Rates),Programmatic Directory Listing,Structured Property Profile,Extremely High (100%),High,High,High,Medium,High (City specific),96.3
S2-0547,best coliving in Malaga private soundproof phone call booths,Europe,Spain,Malaga,private soundproof phone call booths,Commercial Investigation,MOFU,1861,27,Weak (Generic Booking / Stale Blogs),Very High (Booking Commission 10-15%),High (2026 Rates),Programmatic Directory Listing,Comparative City Hub Directory,Extremely High (100%),High,High,High,High,High (City specific),91.0
S2-0548,Malaga workation spaces with private soundproof phone call booths,Europe,Spain,Malaga,private soundproof phone call booths,Informational / Navigational,TOFU,1874,32,Weak (Generic Booking / Stale Blogs),Very High (Booking Commission 10-15%),High (2026 Rates),Programmatic Directory Listing,Structured Property Profile,Extremely High (100%),High,High,High,Medium,High (City specific),85.6
S2-0549,Malaga Spain remote work private soundproof phone call booths,Europe,Spain,Malaga,private soundproof phone call booths,Informational / Navigational,TOFU,1887,9,Weak (Generic Booking / Stale Blogs),Very High (Booking Commission 10-15%),High (2026 Rates),Programmatic Directory Listing,Structured Property Profile,Extremely High (100%),High,High,High,Medium,High (City specific),99.0
S2-0550,best coliving in Malaga backup generator battery power ups,Europe,Spain,Malaga,backup generator battery power ups,Commercial Investigation,MOFU,1900,14,Weak (Generic Booking / Stale Blogs),Very High (Booking Commission 10-15%),High (2026 Rates),Programmatic Directory Listing,Comparative City Hub Directory,Extremely High (100%),High,High,High,High,High (City specific),99.0
